,asin,title
0,B004MSP04C,None found
1,B002IVNLKA,World's Greatest Dad
2,B002ZG99WW,Yogi Bear (2010)
3,B000OCY7JE,After the Wedding
4,B003ND0AXS,Disney Phineas & Ferb: A Very Perry Christmas
5,B003L77G7Y,"American Dad!, Vol. 6"
6,B0074279LU,None found
7,B0043988IA,"Fullmetal Alchemist: Brotherhood, Part 3"
8,B003HTSJAE,Unthinkable
9,B004AUGJS8,All Good Things
10,B009SGAVVK,るろうに剣心 豪華版
11,B002SQ364Q,Taking Woodstock
12,B00BEIYMTW,Planes
13,B003F1WA7C,Harry Brown [Region 2]
14,B00HY7VG9G,None found
15,B009T3ADGA,Blood-C: Complete Series
16,B003EYVXOG,The Joneses
17,B00AZMFJ90,Tyler Perry: Peeples Digital
18,B00BNH9NCU,The Numbers Station
19,B0021HAG5E,Mutant Chronicles
20,B00H83EUL2,Gravity
21,B007WW94VU,Father's Day Numbered
22,B00319EC9W,Sharpe's Peril (2008) (DVD)
23,B004NTC7G4,None found
24,B001DSNEK6,Anaconda 3: Offspring
25,B003QF1N7K,Disneynature: Oceans
26,B0012QCZ5O,None found
27,B0012H0DBG,None found
28,B004LWZW6K,Piranha DD
29,B000UO4F8O,The Saw Trilogy: (Saw/ Saw II/ Saw III)
30,B0099JKR6U,None found
31,B002KLAL7Y,Year One
32,B00AIBZLHS,Amour
33,B001NPD9JA,Inkheart (DVD)
34,B00ARA4SLU,Hitchcock
35,B0018CWEYO,Desperate Housewives: Season 4
36,B003NE8B4M,Full Metal Panic! The Complete Series
37,B004HNTER6,Senna (SE) (2 Dvd)
38,B003R4ZMPE,Rizzoli & Isles: S1 (DVD)
39,B000MR9EQM,None found
40,B003AVGMV2,The Warlords
41,B0058YPKIA,Grimm: Season 1 [Region 1]
42,B004TPTY3G,2012: Apocolypse of the Dead
43,B006OT0TD4,Zaat
44,B001AGXEBK,Doctor Who: The Invasion of Time
45,B000SM6FM2,Severance
46,B005YJ8ZR2,None found
47,B0064NU002,Elvis Found Alive
48,B00157OI9Q,Fantastic Four - World's Greatest Heroes: Season 1
49,B002L4BQ42,Mad Men Season 3
50,B003UESJCY,You Will Meet a Tall Dark Stranger
51,B003L77GUG,Eureka: Season 4.0
52,B008UE8ICK,Berserk: The Golden Age Arc I - The Egg of the King
53,B001U7NVYO,"Teenage Mutant Ninja Turtles: Season 7, Pt. 1 - The Leonardo Slice"
54,B001KVZ6HK,Marvel's: The Avengers
55,B004LWZW42,None found
56,B009WGYMO8,Death Race 3: Inferno
57,B007I1Q4MM,The Magic School Bus: The Complete Series
58,B001C71IGU,Doctor Who: The Trial of a Time Lord
59,B001221DUQ,Outpost
60,B009LA1QSK,All Superheroes Must Die
61,B000TXPXC8,Night Of The Living Dead
62,B0034G4OVS,Frozen
63,B00E1BF0KE,Only God Forgives
64,B001GCUNYO,Taken
65,B00HHYF570,Odd Thomas
66,B000NVI2GU,Deadwood:S3 (DVD)
67,B000UAE7KO,You Kill Me
68,B00BWDFP5E,Banshee: Season 1
69,B004A8ZWSS,None found
70,B001947Q4E,Wow! Wow! Wubbzy!: A Tale of Tails
71,B00AEJM61I,Smiley
72,B000RW5CAE,Stupid Teenagers Must Die
73,B0081FSMMO,None found
74,B00AQJ7PL2,Cartoon Network: Regular Show - Party Pack - Volume 3
75,B000Z6GT72,Zebraman
76,B001C4ZQCU,Dragon Ball Z: Season 6
77,B000NVT0TI,Rogue
78,B00AMR5FGA,None found
79,B001EUKHRG,None found
80,B005PR2FD8,Tekken: Blood Vengeance
81,B0006U3SJO,JL UNLIMITED:SAVING THE WORLD S1 V1
82,B005LAIIHG,None found
83,B0031DDG9U,The Stoning of Soraya M.
84,B002TG3ACI,Zombieland 2010
85,B00B52F278,None found
86,B00CWM58WY,Epic
87,B004LWZWFQ,None found
88,B002JT69IM,Drag Me to Hell
89,B00IKFSSTW,Pompeii
90,B000VU4GW2,Life Season 1
91,B001NLJ3N0,The Secret Life of Bees
92,B001EUE6X2,None found
93,B000OGTRC2,None found
94,B009LDCW1M,Community: Season 4
95,B009WJXC0U,Universal Soldier: Day of Reckoning
96,B001P9N99Y,Perkins' 14: After Dark Horrorfest III
97,B003BGZ61S,The Greatest American Hero: The Complete Series
98,B005LAIIIK,A Separation
99,B00AKK6LM6,Wonder Woman: TV Movie Pilot
100,B002CLKP00,Sanctuary: Season 1
101,B000OCY7IK,Invasion of Astro-Monster
102,B0045XL3I6,None found
103,B008LU8MVK,Cockneys Vs Zombies Region 2
104,B003IMERX8,She's Out of My League
105,B0013Z5B0A,Savages
106,B003H6KRKC,Dragon Ball: Season 5
107,B00932ADLC,Bunheads Season 1
108,B00BEIYG98,Dark Skies
109,B0053XZ8O2,The Beaver
110,B00C57W9GY,Axe Giant: The Wrath of Paul Bunyan
111,B009VL28W2,Quebec Magnetic
112,B0024DXFIA,None found
113,B001HN69AE,None found
114,B000UR9TEQ,"Hell Girl, Vol. 1 - Butterfly"
115,B004126A1G,None found
116,B00HUF9R52,ARCHER SEASON 5
117,B0010X741Y,Hogfather
118,B0064SVNAI,Beneath the Darkness
119,B001V7P2W2,North Face
120,B004XFZ3UU,The Warrior's Way
121,B0034GK78C,Old Dogs
122,B0011QC9E2,David & Golimyr
123,B00F0XPJH6,None found
124,B00DL48BM6,The Monuments Men
125,B000OT6V2S,The Glamorous Life of Sachiko Hanai
126,B000W4TGIQ,"The Adventures of Young Indiana Jones, Volume Two - The War Years"
127,B0049IHWYG,Legends Of The Super Heroes
128,B004QL7K70,Project X (DVD)
129,B005BYBZHM,Moby Dick
130,6302800498,The Razor's Edge
131,B000IBUIS0,None found
132,B005LAJ15O,Strike Back: Season 1
133,B00FEC4B54,None found
134,B009LDD1H6,Person of Interest: S2 (DVD)
135,B0056ANHN6,Carlos
136,B002WNUVJS,Planet Hulk
137,B002BSC29Q,None found
138,B00346UX6I,Mobile Suit Gundam Unicorn - Volume 1
139,B00AIBZLVY,Mama
140,B005YCEHWQ,Sinners And Saints
141,B000QFCCQY,Reign Over Me
142,B00E5G03I4,The Avengers: The Complete Emma Peel Megaset
143,B00E4Q6TMO,Necessary Evil: Super-Villains of DC Comics
144,B000VE4UQA,Descent
145,B00J5LXST0,The Raid 2
146,B00BEIYRQA,None found
147,B004MFT1PO,The Extraordinary Adventures of Adele Blanc-Sec
148,B001SGEUYW,None found
149,B0017IVHHO,The Andromeda Strain Miniseries
150,B008EQHT4M,None found
151,B000NIVJF4,The Last King of Scotland
152,B004YM6JI2,Supernatural: S7 (DVD)
153,B009OCR1OI,Compliance
154,B005CA4SHO,Father Of Invention
155,B002KEZ91E,None found
156,B001Y8DJVE,Confessions Of A Shopaholic
157,B008L5FFMO,Digimon: Digital Monsters - The Official First Season
158,B001NFNFF8,In the Electric Mist
159,B00AJXO5I6,The Frankenstein Theory
160,B000VFVF4E,The Bionic Woman: The Complete Season Two [Region 2 Import - Non USA Format]]
161,B002IRYYCI,The Objective
162,B008220DGE,The Master
163,B004AV5GX6,Dinner for Schmucks
164,B000IXUOP0,None found
165,B000UU4IX0,None found
166,B008JFUORW,The Hangover Part III
167,B000JO9JHW,None found
168,B00A1O0G3G,To Rome With Love
169,B00APE00H4,None found
170,B00IWULQQ2,Cosmos: A Spacetime Odyssey
171,B002ZG99EK,The Last Station
172,B001QMCJ14,While She Was Out
173,B00BEIYGK2,About Time
174,B005BUA1CG,Jem and the Holograms: The Truly Outrageous Complete Series
175,B000ZN802W,Into the Wild
176,B008H6GHEM,None found
177,B001221DTW,Sleuth
178,B000VBJEEG,None found
179,B001KWHO9W,Gomorrah
180,B002XTBE5Q,Ninja
181,B000SSQ7JC,The Valet
182,B006O1OTVA,Ufc: Best Of 2011
183,B004IK30PA,The Switch
184,B00G4Q3KOC,12 Years a Slave
185,B00CHMBQCU,None found
186,B003FSTN5C,NCIS: Los Angeles: Season 1
187,B009M4KT3I,Shazam! The Complete Live-Action Series
188,B000NVIGL6,Big Nothing
189,B000U6I0B0,None found
190,B001A5070M,American Zombie
191,B00BLRXDTQ,Mad Max: Trilogy (Mad Max / The Road Warrior / Mad Max Beyond Thunderdome)
192,B002OVO17Q,HOUSE OF THE DEVIL
193,B002ZG97B0,Date Night
194,B00140PK6O,Cranford
195,B001MFNB4O,The Midnight Meat Train
196,B001O0TWXG,South Park: Season 12
197,B0039PGH8M,WWE: The Undertaker's Deadliest Matches
198,B00I3MPDP4,Bosch Season 1
199,B0064NLQYG,Star Trek: The Next Generation - The Next Level
200,B000WTZ6SK,SeaQuest DSV: Season Two
201,B004P2VQXE,I Saw the Devil
202,B0040JHNAW,Fantasia / Fantasia 2000 Two movie Collection
203,B00BC5FN2C,House of Cards: Season 1
204,B009FZFONO,None found
205,B004EPZ08O,Final Destination 5 (DVD)
206,B00IF8Q8XC,None found
207,B007PKOL62,Sleepless Night (English Subtitled)
208,B002V3HT2G,Halloween II
209,B001MEWBVE,None found
210,B008H6GH8I,Resident Evil: Damnation
211,B000YNFXZA,White Noise 2
212,B001FB55MG,Bedtime Stories
213,B003NQ1T58,Doctor Who Season 2
214,B001U9BS38,G.I. Joe A Real American Hero: Season 1.1
215,B00FGEO9NE,Homeland: Season 3
216,B005CA4SA6,Beautiful Boy
217,B00GMV8KGW,Inside Llewyn Davis
218,B00BCPOFQ2,Tenchi Muyo! War on Geminar: Part 1
219,B0010V5SW8,Beowulf
220,B00E8RK5OC,The Heat
221,B00BUADSMQ,A Good Day to Die Hard
222,B001D2WUGG,"Primeval: Series 1 and 2, Vol.1"
223,B004EC5ITI,The Resident
224,B002R0LRJO,School Rumble: The Complete Series
225,B001MLZNKS,Against the Dark
226,B0054K8JSG,Pirates of the Caribbean: Four-Movie Collection
227,B00AEFVNFC,Extra Stuck by Lightning 1
228,B008BQ8VOC,None found
229,B000HAB4NK,None found
230,B001R10BJG,The Burrowers
231,B00IKM5MIA,Enemy Digital
232,B000X843UC,The IT Crowd: Season 1
233,B00K2CHWOI,None found
234,B00A27O5AW,Miss Fisher's Murder Mysteries 1
235,B0030VBGGI,Rifftrax: Planet of Dinosaurs - from the stars of Mystery Science Theater 3000!
236,B002ZG971U,A Nightmare on Elm Street
237,B005GNQ5NC,Todd and the Book of Pure Evil
238,B001OFFRQ2,How to Lose Friends and Alienate People
239,B002BWP2JO,Leverage: Season 2
240,B0034G4OT0,Cats & Dogs 2 (DVD)
241,B006ZL84EW,Endeavour Region 2
242,B000WUAZZI,None found
243,B009AMAOTQ,Last Vegas
244,B009NNM828,None found
245,B003EYVXQ4,Please Give
246,B007ORTYKO,The Killing Season 2
247,B003DKJ5ZU,Tinker Bell and the Great Fairy Rescue
248,B005F3XV62,Zookeeper
249,B001L28J2M,"Guitar, The"
250,B003Y5H5B0,21 Jump Street
251,B000UDGOC0,None found
252,B001AZIRYU,Seed
253,B003IHUI0O,Prince of Persia: The Sands of Time
254,B006RECSBC,The Innkeepers
255,B00F38ELNG,None found
256,B001F7AUOI,Samurai 7 - Boxed Set
257,B000YPUF9W,None found
258,B001563HYO,All The Boys Love Mandy Lane
259,B000R7HY0A,Kill Bill - The Whole Bloody Affair
260,B001O2UTQS,Choke
261,B00466HN86,Courageous
262,B005LAIIJY,None found
263,B006JPD30E,None found
264,B000MX7TXQ,Flannel Pajamas
265,B003YJFALS,War of the Worlds: The Complete Series
266,B009IJJ5B4,None found
267,B0090SI3CA,Killer Joe
268,B0026IQTO0,Shadowheart
269,B00144H00Y,Stingray: The Complete Series
270,B0018TN72U,Aftermath: Population Zero
271,B009NNM77E,Lego: The Piece of Resistance
272,B001KW08L8,The Wave 2008
273,B002WC89WK,Scrubs: The Complete Ninth and Final Season
274,B009904LQ6,ULTIMATE KETTLEBELL WORKOUTS FOR BEGINNERS
275,B00368PSIM,Iron Man: Armored Adventures Complete Season 1
276,B0029LI690,Alvin and the Chipmunks: The Squeakquel
277,B003NLE5J0,"The Good, the Bad, the Weird"
278,B002TVQ48A,Bad Lieutenant: Port of Call New Orleans
279,B001P9N9A8,Slaughter: After Dark Horrorfest III
280,B001957A2Q,Ghouls
281,B003B63FKW,None found
282,B0012DPHUM,Head Case Season 1
283,B003U6SJXQ,The Killer Inside Me
284,B00A2H9WW8,Carrie
285,B001ADXWYM,Terry Pratchett's Discworld Collection: (Wyrd Sisters / Soul Music)
286,B002Y0TGOU,None found
287,B000UNYK4E,Evan Almighty
288,B0015LPS1E,Timber Falls
289,B001FB55HQ,Terminator Salvation
290,B001FB5634,The Road
291,B0060MYLCU,Burn Notice: Season 6
292,B00AQ6J536,Ministry of Fear
293,B004DY3N9Y,None found
294,B000IJRK7O,None found
295,B005LAIGF0,Margaret
296,B000YABV7W,Fred Claus (WS/DVD)
297,B003L77GCE,Friday Night Lights: The Fifth and Final Season
298,B0087IT80A,Queen of Versailles
299,B00188M5TM,None found
300,B00GD9GNEY,DCU: Justice League: War (DVD)
301,B00CXI8GJE,The Painting
302,B00F87ZUYG,None found
303,B00DGWZK0Y,Mickey's Christmas Carol
304,B003EYVXTG,Winter's Bone
305,B00C7KXUOE,None found
306,B002BWD74G,Mushi-Shi: The Movie
307,B002SAMMKQ,The Puffy Chair
308,B004QZ6S4C,RiffTrax: Santa and the Ice Cream Bunny
309,B00915G6WQ,Dexter: Season 7
310,B00D1N6OQ2,None found
311,B0064OUGK0,The Rum Diary 2011
312,B00B2YH7BS,Sound City
313,B00KCTG4PO,Twin Peaks: The Entire Mystery
314,B00AO06N5M,Spiders
315,B00GYVPHHU,Metallica - Through the Never
316,B000YDKA94,Mr. Woodcock (DVD)
317,B0013XZ6SY,The Classic Sci-Fi Ultimate Collection: Volume 1 & 2
318,B000WC38EQ,None found
319,B008JFUS8M,The Hunger Games: Catching Fire
320,B000XJ5UEE,Day Zero
321,B002PHW9H8,Imagine That
322,B001563I5C,My Blueberry Nights
323,B00466HN7M,Bridesmaids
324,B0017ANAX6,Harold and Kumar Escape From Guantanamo Bay
325,B001AR0D6I,Mother of Tears
326,B00DL47UE6,None found
327,B001LRJH0K,Appaloosa
328,B00G2TAAVM,How I Live Now
329,B00CERJINC,Frankenstein's Army
330,B00344EAIM,The Final
331,B000NJXG6I,The O.C.: Season 4
332,B0056OZHYE,Zombie Diaries 2
333,B003TFUJPO,The Horde
334,B00AWHDFHQ,None found
335,B002XTXFU8,Bronson
336,B001V7UTV6,The International
337,B001PJRAUS,Lost in Austen
338,B002BVYBJW,Torchwood: Children of Earth (DVD)
339,B001LLH8SE,Blindness
340,B001H0ERRE,The Chronicles of Narnia
341,B001D262L0,Trackman
342,B0055MQUM0,None found
343,B005FITIGO,Margin Call
344,B000TGJ8A8,Next
345,B000VXWK86,The Godzilla Collection: Volume 1-2
346,B0016AKSP0,The Furies
347,B001U0HBPG,The Curious Case of Benjamin Button
348,B004EPZ01G,Dolphin Tale (DVD)
349,B0081HLM2E,Headhunters
350,B005OZJE8K,Captain Power-Complete Series
351,B004520KTU,None found
352,B004NJR4EO,The Trip [Region 2]
353,B001VLBDB2,Wallander (2008) (DVD)
354,B00CXI81J4,None found
355,B007V4ETS2,Yancy Derringer - The Complete Series. All 34 Episodes!
356,B0091P60PY,Solomon Kane
357,B0033HWZS2,Girl Who Kicked the Hornets' Nest
358,B0041YI4ZO,"Ip Man 3 ""The Legend Is Born"" 2010"
359,B000R7I48G,Count Dracula
360,B001C0NMU2,Jack Brooks: Monster Slayer
361,B000X73NC2,SUBURBAN GIRL
362,B00290X6NW,1001 Classic Commercials
363,B004GZZGVI,"Fullmetal Alchemist: Brotherhood, Part 4"
364,B000RZGIPY,The Audrey Hepburn Collection (Breakfast at Tiffany's / Sabrina / Roman Holiday / Funny Face / Paris When It Sizzles)
365,B009AMAK54,Trouble with the Curve
366,B00EY7LT9Q,None found
367,B001CC7PRQ,Pathology
368,B005LAIIFS,Rise of the Guardians: Easter Gift Set
369,B002BWP49C,The Twilight Saga: Breaking Dawn - Part 1
370,B00199PPP6,The Life Before Her Eyes
371,B001NCDFTW,Madagascar: Escape 2 Africa
372,B002ZHKZEC,Doctor Who: The Complete Specials (The Next Doctor / Planet of the Dead / The Waters of Mars / The End of Time Parts 1 and 2)
373,B001DPHD9C,You Don't Mess With the Zohan
374,B002XTBE6A,High Kick Girl
375,B00BEIYGT8,The Purge
376,B00DOZNGT0,Transformers Prime: Predacons Rising
377,B001JV5BHQ,Dead Like Me: Life After Death
378,B005EPFA8I,Cave of Forgotten Dreams
379,B000WGWZX2,"Voltron, Vol. 5: Defender of the Universe-Black Lion"
380,B0024NSFYY,Tinker Bell And The Lost Treasure
381,B005F3DFXG,Planet Dinosaur
382,B003Y5H5H4,Hugo
383,B003ZSHLPG,Episodes
384,B002VXEC9O,Doctor Who: Dalek War - Stories 67-68 - (Frontier in Space / Planet of the Daleks)
385,B002K0WBXW,The Proposal
386,B001CD6FKI,Speed Racer
387,B00C7BZZRI,Trance
388,B001G0N1QS,Death Race
389,B00B46XTDY,None found
390,B0065N6IRK,What's Your Number
391,B001OQCV2E,2012
392,B007BS38LW,Abraham Lincoln vs Zombies
393,B003L7DK88,Justice League of America:CSR (DVD) Corr
394,B002P7UCJK,None found
395,B001QMCJ0U,Laid to Rest
396,B0029PUUSQ,"Transformers: Season 2, Vol. 1"
397,B006LL3W0W,Wyatt Earp's Revenge
398,B004EQAVFU,Never Let Me Go
399,B002P7UCBI,None found
400,B000OCZA04,Because I Said So
401,B00BLNDVGU,"American Mary (2012) [ NON-USA FORMAT, PAL, Reg.2 Import - United Kingdom ]"
402,B008JFUN1O,"I, Frankenstein"
403,B004MYYHGI,The Avengers: Captain America Reborn! - Volume 2
404,B0034G4P7G,None found
405,B0036EH3X4,Lost: The Complete Sixth and Final Season
406,B002QEA7BA,Ong Bak 2
407,B00A2H9U8E,The Collection
408,B008JFUPFI,None found
409,B00D3XMNUQ,Zombie Massacre
410,B002N5L4UU,Samurai Princess
411,B002JCSWV6,Invictus (DVD)
412,B005K270VK,A Cat in Paris [Region 4]
413,B009XTF8GK,Branded
414,B0044BY98K,Monsters
415,B005CZM5DI,None found
416,B003K02EV0,My Name Is Khan [Blu-Ray] Region Free (Bollywood Hindi Film DVD)
417,B0016PURB0,Teen Titans: Season 5
418,B001GKJ2DE,Wanted
419,B00E8A0OZ4,Element: Targeted Toning Pilates for Beginners
420,B00B04NJI0,The ABC's of Death
421,B001RIZE3M,4 Film Favorites: Teenage Mutant Ninja Turtles Collection
422,B001RVPOPW,ANTICHRIST (DVD/2DVD EDITION) ANTICHRIST (DVD/2DVD EDITION)
423,B001ILFUBE,Swing Vote
424,B00BGI05Y6,Girls:S2 (DVD)
425,B0034G4P58,None found
426,B007AJMBBA,Rampart
427,B001PA0FF4,Doubt
428,B0021L8UYY,None found
429,B000YDOOEG,None found
430,B00CDBR1P6,None found
431,B001XCWNOA,The Guild - Season Two
432,B009AMAGQM,Beautiful Creatures
433,B00605MY0S,The Thing
434,B007GE98WO,The Tim Burton Collection
435,B001DXPWO2,The Girl Who Leapt Through Time
436,B001IOQW68,Attack Girls' Swim Team vs. the Undead
437,B009RI1AL4,Paul Williams Still Alive
438,B004EPYZQC,Fast Five
439,B00EV4EUT8,Lee Daniels' The Butler
440,B004LYWPZE,Passion Play
441,B00E00OGE2,Turbo
442,B008JFUUIA,Pitch Perfect
443,B00ANDGYRM,Doctor Who: The Beginning (An Unearthly Child / The Daleks / The Edge of Destruction)
444,B000TGCR3I,Tekkon Kinkreet
445,B002JJUNXO,Dead Snow
446,B003UESJII,The Illusionist
447,B005LAIIB2,The Big Wedding Digital
448,B0044N94K6,Case 39 [Region 2]
449,B006OV7RQ4,Martha Marcy May Marlene
450,B000XUOIQO,The Little Mermaid: Ariel's Beginning
451,B001FB55KI,Milk
452,B0011N1WE8,Penelope
453,B001F0TM4Y,Savage Grace
454,B005FQ1OQ8,Doctor Who: The David Tennant Years
455,B006MHZG40,Die
456,B001FB4W0W,True Blood: Season 1
457,B008220CQU,End of Watch
458,B001FB55Y4,RocknRolla
459,B00164KYTG,Step Brothers
460,B00E688U9K,High School of the Dead OVA: Drifters of the Dead
461,B003UD7J94,The Pillars of the Earth
462,B000YDBP3O,He Was A Quiet Man
463,B004UP3D8M,Hobo with a Shotgun
464,B00BEIYKM6,The Place Beyond the Pines
465,B001TNVEKC,None found
466,B002VL5BWS,The Girl Who Played with Fire
467,B000UERE3M,None found
468,B00HETMEZE,DC Super Heroes: The Filmation Adventures - Volume 1
469,B0058YPGSY,Sons of Anarchy: Season 4
470,B000O7862S,Survivorman
471,B0035RWG0M,Moribito: Guardian of the Spirit - Complete Collection
472,B00CBNOBYU,None found
473,B004LWZW24,Insidious
474,B00BVMXBDO,Orphan Black: S1 (BBC/DVD)
475,B001DN0V02,Snow Angels
476,B001KRCDRU,Phineas and Ferb: The Daze of Summer
477,B001EC9V58,Rec [Region 2]
478,B001NPD9R2,The Pink Panther 2
479,B0031RAOVY,Hachi: A Dog's Tale
480,B003L77G6A,Big Bang Theory:S4 (DVD)
481,B002LFPBLU,Ink
482,B000VWYJ86,The Bourne Ultimatum
483,B000XA5K48,Shoot 'Em Up (DVD)
484,B00CDBTQCW,Alpha House Season 1
485,B00C0OLT6S,None found
486,B008JFUSI2,Maleficent
487,B005CHXB4I,"Ultramarines: A Warhammer 40,000 Movie - The Collector's Edition"
488,B00DQN6IOK,The Hollow Crown: The Complete Series
489,B0081FD7BA,With Great Power: The Stan Lee Story
490,B0033AGJ5Y,"Eat, Pray, Love 2011"
491,B000TJBN62,None found
492,B00274SIVK,The Lucy Show: The Official First Season
493,B0017PB5W4,Death of a Ghost Hunter
494,B00127RAIK,Unearthed
495,B00AIBZJLG,Cirque Du Soleil - Worlds Away
496,B001PR0Y7Q,Astro Boy
497,B001CTDH4Y,Beverly Hills Chihuahua
498,B004G7CRUY,None found
499,B00125WAS2,Eye of the Beast: Maneater Series
500,B00120LPQK,WWE: Hell in a Cell - The Greatest Hell in a Cell Matches of All Time
501,B0059XTU1S,The Hobbit: An Unexpected Journey
502,B00EO10IEE,Parkland
503,B002T4GXUG,None found
504,B00IKT36S6,From Dusk Till Dawn: The Series Season 1
505,B003Q6D25K,Paranormal Activity 2
506,B009AJB0YM,10 Years
507,B00BEJL6JK,300: Rise of an Empire
508,B00C7A8WY2,"Marvel Knights: Wolverine, Origin"
509,B000RL5H6Y,Doctor Who - The Complete Series 3 2007 2007 ; John Simm
510,B002ZG97WE,Gulliver's Travels
511,B00EEEHLKU,The Twilight Zone: The Complete Series
512,B001993Y2C,Battlestar Galactica: The Complete Series
513,B003ATD7NA,Robogeisha
514,B00EEDNA4M,Breaking Bad: The Complete Series
515,B00J5WENJS,None found
516,B00104AYSI,The Heartbreak Kid
517,B002AMVEF6,"Glee: Season 1, Vol. 1 - Road to Sectionals"
518,B002TNS012,V: The Complete First Season
519,B000WC39P4,Swamp Thing - The Series
520,B000W1SZ9U,I Know Who Killed Me
521,B002C2KB12,Delgo
522,B00125WAWS,None found
523,B000WMA6QO,Rescue Dawn
524,B008UZCCBC,Regular Show: The Best 16 Episodes
525,B002ZG98VE,Robin Hood
526,B0019EXZXU,The Bank Job
527,B00477VLXM,Black Butler - Season One Part One
528,B003L20IFQ,Buried
529,B00944CJRK,V/H/S
530,B00AIANIPQ,Rocko's Modern Life: The Complete Series
531,B004JHYTHK,Prowl
532,B0031U8OEK,The Collector
533,B000V6I7N0,Fatal Contact
534,B004QOB8PW,GREEN LANTERN: EMERALD KNIGHTS (DVD)
535,B001JV5BI0,Dead Like Me Cs-ws Sac Viva
536,B004DK5CW4,Secretariat
537,B00A2LFXVI,DCU:Batman: Dark Knight Returns P2 (DVD)
538,B003FBNJ4U,The Girl with the Dragon Tattoo
539,B009KOE4ZO,Grave Encounters 2
540,B002Y0KR7A,Dragon Ball Z Movie 2 Worlds Strongest
541,B004MOLFR2,Almighty Thor
542,B0010X8NNC,Negima!
543,B00275EHJG,None found
544,B00B04NIZO,10th Kingdom - The Epic Miniseries Event
545,B0051ZIXMQ,Bereavement
546,B007QRJV0K,None found
547,B001F2U72S,Darker Than Black: Starter Set
548,B000QXDG7K,NARUTO The Movie: Ninja Clash in the Land of Snow
549,B0052XI5HK,Hoodwinked Too! Hood vs. Evil
550,B005W2BWMG,Sekirei 2: Pure Engagement Complete Season
551,B000OJFV3S,The Tudors Season 1
552,B00G15MDI0,The Book Thief
553,B003GAMOIW,The Adjustment Bureau 2011
554,B00465VOMI,Grindhouse (2 Disc Collector's Edition) (Death Proof / Planet Terror)
555,B005O718OQ,None found
556,B000UAFDR0,Icons of Horror Collection: Sam Katzman (The Giant Claw / Creature with the Atom Brain / Zombies of Mora Tau / The Werewolf)
557,B0045XR7O0,None found
558,B00CPTUN5G,My Little Pony: Equestria Girls
559,B006C0PPO8,The Awakening by Charlton Heston
560,B001G0MFKQ,None found
561,B002K0UNYQ,Last of the Living
562,B002JVWR7M,"House, M.D.: Season 6"
563,B003WE9C5U,Downton Abbey: Series 1
564,B001LNW2J2,City Of Ember
565,B0012KJ0CG,The Eye
566,B005LAII94,Savages
567,B00BNWWUDY,Side Effects
568,B0055CP9S6,Zombie Apocalypse: Redemption
569,B000VNMMPM,Angel-A
570,B000ZU1KMW,None found
571,B0055V0K3G,A Horrible Way To Die
572,B009AMABH6,Cosmopolis
573,B001UDS4D6,Sea Beast: Maneater Series
574,B004QPOVDW,None found
575,B00BSN0VZ2,Stoker
576,B009AMAJPA,None found
577,B009AMAKWM,None found
578,B009VL29Y4,Tai Chi Zero
579,B000RMJ4E4,Broken
580,B006YTGLEU,Enter Nowhere
581,B005LAJ1O0,None found
582,B003L77GMO,Curb Your Enthusiasm: Season 8
583,B00542PSY2,Safe
584,B0055CP9HC,Marvel Knights: Thor & Loki Blood Brothers
585,B001RTKKRQ,The Ramen Girl
586,B00GUO2SKA,None found
587,B004XKVRBE,Batman Brave & The Bold S2P1 (DVD)
588,B00C6F622M,Last Will and Testament of Rosalind Leigh
589,B000MVIAUY,None found
590,B008220C92,Sinister
591,B00GST8U4U,All Is Lost Digital
592,B0016MJ6JM,The Last Winter
593,B000RXVNCE,Chosen Survivors / The Earth Dies Screaming
594,B00105304M,Catacombs
595,B006OFN052,"Very Harold & Kumar Christmas, A (DVD)"
596,B004LWZW0G,None found
597,B003Y5H4Y8,None found
598,B0038L1XPO,None found
599,B00H7KJRVY,None found
600,B000RO9Q7W,Perfect Stranger
601,B00AZFECL8,Quantum+casino 06 Df-sac
602,B00579YI1G,Meek's Cutoff by Michelle Williams
603,B0010T3ULQ,None found
604,B007W447NI,Warriors of the Rainbow: Seediq Bale
605,B002SJIO4A,District 9
606,B00D8CLW5E,Drug War Blu-Ray (Region A) (English subtitled) Johnnie To
607,B003M8NGG2,None found
608,B005KO352G,None found
609,B008VPBZXW,A Christmas Story 2
610,B001L58000,Ghost Town
611,B00DI2NTK0,None found
612,B002Q8W2W8,Thou Shalt Laugh 4
613,B0073U2ETK,Wicker Tree
614,B005ELMC0G,Winnie The Pooh Movie
615,B004BDOF1C,Cowboys & Aliens
616,B00287Z1CK,"Death Note: L, Change the World (DVD)"
617,B003DLTBVW,Rampage
618,B001OQCUZM,Ghosts of Girlfriends Past
619,B001LK8SKW,Wonder Woman DTV (DVD)
620,B0055CP9BI,None found
621,B0034G4P94,Warrior
622,B002QEHPQA,Public Enemies
623,B007ZZKWHY,Iron Sky
624,B00CBMWLU2,Luther - Series 3
625,B00ESZZOEA,Transformers: Prime - Season Three
626,B005LAII8K,Looper
627,B00E1BYFP0,Grabbers
628,B005QUQRBU,2012: Zombie Apocalypse
629,B0060FXDCG,Transformers: Trilogy (Transformers / Transformers: Revenge of the Fallen / Transformers: Dark of the Moon)
630,B001UV4XHY,"HP7: Deathly Hallows, P1 (DVD)"
631,B001U3D88M,Dragon Hunters
632,B004ED52XE,Mesrine: Killer Instinct: Part 1
633,B00J5LXSOA,House of Cards: Season 2
634,B000Q66PWU,The Best of Bravestarr
635,B005LAIHR2,Rock of Ages (DVD)
636,B000HZEHL6,None found
637,B00HNX273K,Muppets Most Wanted
638,B001G9CNI6,Eden Lake
639,B001FES0JI,None found
640,B000UAE7M2,Dog Bite Dog
641,B00AZMFKXK,No
642,B001AQR3LC,The Tudors: Season 3
643,B00APRBBBK,None found
644,B00742SXOM,Wreck It Ralph
645,B001N6FPQY,"The Real Ghostbusters, Volume 1"
646,B003Q6D28C,"Waiting for ""Superman"""
647,B00B74MJOS,Impossible
648,B00127R2VU,None found
649,B005J4TLN4,None found
650,B008MCKL5W,RVBX: Ten Years of Red vs. Blue Boxed Set
651,B002KPINDO,Afro Samurai: Complete Murder Sessions - Director's Cut
652,B001GCUER0,Mad Men: Season 2
653,B001D262LK,No Man's Land:rise Of Reeker
654,B00116GEFW,Day of the Dead
655,B00FM4S8H6,NYPD Blue: Season 5
656,B00H7LINKE,August: Osage County
657,B001GCUNZI,None found
658,B002XJDUVM,Dante's Inferno
659,B000ZBEOGK,Turok: Son Of Stone
660,B005CFBZL6,The Gingerdead Man 3: Saturday Night Cleaver
661,B003FSTN7U,The Tudors: The Final Season
662,B0081BEZXS,Green Lantern Animated Series S1P1
663,B005D0RDH0,The Last Circus
664,B00HRCATDW,Paranormal Activity: The Marked Ones
665,B0010XB1WM,John from Cincinnati: S1 (DVD)
666,B0090JB6DC,Identity Thief
667,B002VA5A16,Yogi's First Christmas
668,B002C68WNC,The Guild: Seasons 1 & 2
669,B007FFUMKQ,None found
670,B001R1HEMI,The Real Ghostbusters: Complete Collection
671,B0013K7ZPE,"""Atonement 2008 James McAvoy; """
672,B00118T61O,13: Game of Death
673,B000PE0H0E,The Taste of Tea
674,B00459EZ7Q,None found
675,B00JBBJJ24,snowpiercer (2 dvd) dvd Italian Import
676,B003L20IEC,The Human Centipede
677,B001PPLIEG,Quantum of Solace
678,B00DIX3FIK,Maniac
679,B001OBBR3S,Crows Zero
680,B0013D8LA4,George A. Romero's Diary of the Dead
681,B004EPYZP8,The Lincoln Lawyer
682,B00HRYH67M,Ultimate Warrior: The Ultimate Collection
683,B00D8VS7GC,Rapture-Palooza
684,B000N3SU92,Little Children (DVD)
685,B00BTJV9RO,Green Lantern Animated Show: Manhunter Menace - Season 1 - Part 2
686,B00344EAQY,Zombies of Mass Destruction
687,B001MFNB4E,The Midnight Meat Train
688,B003B1X85O,Starstruck
689,B005CHTXWC,Robot Chicken: Season Five (DVD)
690,B003L77GH4,"Vampire Diaries, The:S2 (DVD)"
691,B003XF1VUC,Beyond the Time Barrier
692,B007G5H2X0,ATM
693,B00113O7MM,None found
694,B001MT7ZI8,Futurama: Into the Wild Green Yonder
695,B0010X8NF0,None found
696,B0016Q2D66,Revolutionary Road
697,B000Q66PX4,None found
698,B005DJRD80,Awkward. Season 1
699,6302795567,Shock Treatment English audio
700,B0047T74CM,Stone
701,B008NNY8R2,Chained
702,B008FYZHLK,Marvel The Avengers: Earth's Mightiest Heroes! Volume 5
703,B000W8OMAO,Undead Or Alive
704,B000NJL4QC,To the Ends of the Earth [DVD] [Region 2] Sam Neill and Benedict Cumberbatch (DVD - 2007) By N/A (0001-01-01)
705,B00CI14OV0,Teen Titans Go!: The Complete First Season
706,B002JAU1X0,None found
707,B005LAIIL2,The Odd Life of Timothy Green
708,B002H05O48,Drop Dead Diva Season 1
709,B005SH6482,Batman: The Brave and the Bold S2 P2
710,B004H0M2ZU,Swat Kats: The Radical Squadron
711,B00CAATSME,Scary Movie 5
712,B001F2U6YC,Dragon Ball Z - Return of the Cooler / Cooler's Revenge
713,B00H5RYIBI,The Pirate Fairy
714,B00344EAI2,Dread: After Dark Horrorfest 4
715,B00C1LIZMQ,Rectify
716,B00DP9MDE4,Batman: The Dark Knight Returns
717,B004EPYZXK,Apollo 18
718,B00I208ZHA,None found
719,B004JHYTH0,Husk
720,B002ZG97G0,Diary of a Wimpy Kid
721,B004A8ZX28,Unknown (DVD)
722,B001451HWU,AVP: Aliens vs. Predator - Requiem
723,B005SH63HO,DCU Justice League: Doom (DVD)
724,B003L77G3I,Community: Season 2
725,B004XFZ41S,Season of the Witch
726,B005LAII2Q,None found
727,B005544TRQ,None found
728,B000P0I4O4,The Contract
729,B0086T6RH2,"Doomsday Preppers, Season 1"
730,B00200JQH6,Being Human: Series 1
731,B002ZG97YM,How to Train Your Dragon
732,B00443FMKM,Great Performances: Macbeth
733,B0057LOEGS,Win Win
734,B001OD8E2I,Exosquad: Season 1
735,B00BWHAP4Q,The Philadelphia Experiment
736,B000PAAJW4,Driving Lessons
737,B001GF8WTE,Gamera the Brave
738,B007C3TVEY,We Need To Talk About Kevin (Alternate UPC)
739,B002VPE1BQ,The Last Airbender
740,B0018BDDFE,Filmation DC Comics (DVD)
741,B0035MA5HS,Nowhere Boy
742,B002AT4K9G,Fast & Furious (2009)
743,B00CHVIAS4,The Croods
744,B001ANQY7O,Lost Boys: The Tribe
745,B001ENSOVO,None found
746,B003L77GJM,It's Always Sunny in Philadelphia: The Complete Season 6
747,B000Q677CC,Tara Road
748,B00F49E8O6,None found
749,B004X8AIE8,Cedar Rapids
750,B00IJKZY4A,Cosmos: A Spacetime Odyssey Season 1
751,B004JM9BXM,None found
752,B004X1Z14C,None found
753,B000UAE7CW,The Film Crew: The Giant of Marathon
754,B000UVUMDO,Damages Season 1
755,B0011FLGZQ,Sliders: The Fourth Season
756,B007REV6K0,None found
757,B001BCO8XQ,The X-Files TV Series
758,B00AEK9BKQ,The Sessions
759,B003XU02QG,Centurion
760,B005WV6YW0,Sleeping Beauty
761,B002Y26UR4,Jeremiah Season Two
762,B00IHV0W3Y,None found
763,B000MVN8HE,None found
764,B00EV1YZDM,Iron Man and Hulk: Heroes United
765,B000MPGI68,None found
766,B000WGYMT2,Rush Hour 3
767,B005C4FD0Q,None found
768,B005FPT2E0,"Living In The Material World (2DVD, Blu-ray, CD, 96 page book) by Unknown (0100-01-01?"
769,B000YI99IW,Extras: The Complete Series
770,B006JN87CU,Mystery Science Theater 3000: XXIII
771,B001TUZD9S,Dr. Dolittle: Million Dollar Mutts
772,B008JFUSZK,None found
773,B001DJ7KHS,Trailer Park Of Terror
774,B0040QYRSQ,Exam
775,B002UOKXNS,City of Life and Death
776,B00B0LKVIY,Manborg
777,B0041KKYHE,Water for Elephants
778,B00CIXVAN8,Now You See Me
779,B001W1Y5RK,None found
780,B0018M6J90,Miss Pettigrew Lives for a Day
781,B009AMAL4Y,Killing Them Softly
782,B000RGN2IY,Vacancy
783,B0089TQ70Q,Batman: Triple Feature
784,B0083H6APG,Jesse Stone: Benefit of the Doubt
785,B0082GN8XK,388 Arletta Avenue
786,B000VE4UHO,In the Land of Women (FS/WS)(DVD)
787,B001QOGY4U,Bride Wars
788,B00HI9QDQ6,None found
789,B000OPODNQ,The New Adventures of Superman - DC Comics Classic Collection
790,B00DJYJWVW,The Lone Ranger
791,B004HO6I4M,None found
792,B00IUX32OU,None found
793,B002ZGW92E,Couples Retreat
794,B000WW1YOW,Death Note:V03 (DVD)
795,B0018RCN54,Samurai 7: Boxed Set
796,B001GU04Y0,Powerpuff Girls Anniv Complete Series
797,B00CPEK3NI,Young Justice Game Illusion S2P2 (DVD)
798,B0060MYKYY,Breaking Bad: Season 5 - Episodes 1-8
799,B000UUX2YG,Return to House on Haunted Hill
800,B00151QYSK,Cleaner
801,B006HGXGWU,Take Shelter
802,B00DSQPFIU,Zombie Hunter
803,B001RP976A,Seth Macfarlane's Cavalcade of Cartoon Comedy
804,B00DBPBOYM,WWE: Legends of Mid-South Wrestling
805,B004A8ZX3C,Mr. Popper's Penguins
806,B00344EAJG,The Graves
807,B009SCOHSW,Strike Back: Season 2
808,B000R55J1I,Ne le Dis a Personne
809,B002ONC9NC,An Education
810,B009GEAWOU,None found
811,B002ZG99H2,The Other Guys
812,B001OQCV56,The Twilight Saga: New Moon
813,B001QIVEVO,X-Men: Volume Two
814,B004FZWDRE,WWE: The True Story of WrestleMania
815,B004A8ZWW4,Real Steel
816,B002C6VMIY,Battle of the Warriors
817,B00BEIYL6G,JOBS
818,B00AIBZKV0,The Last Exorcism Part II
819,B001IZNIZU,Burn After Reading
820,B005TZFZ6U,Dragon Age: Redemption
821,B00CE10BD4,None found
822,B004XC5LHS,Angel Beats! Complete Collection
823,B009RNY16A,"Animaniacs, Vol. 4"
824,B001EXRQQ8,None found
825,B009AMANBA,Lincoln
826,B00CBNOD0W,None found
827,B0063FGF14,My Little Pony Friendship Is Magic: The Friendship Express
828,B00ECR7KX2,Much Ado About Nothing Digital
829,B009DW5X0I,The Simpsons: Season 15
830,B000Q66FAW,The Last Mimzy
831,B001MYIXAC,Let The Right One In
832,B0053TWVK0,House
833,B000W04S24,Mr. Warmth: The Don Rickles Project
834,B00AW0KHTM,The Twilight Saga: Breaking Dawn - Part 2
835,B004EPZ07K,Green Lantern (2011)
836,B001L2ZSFS,Stiletto
837,B000RPCJB6,Sherlock Holmes: The Complete Granada Television Series
838,B005LAIH9K,American Reunion
839,B007JF83YY,None found
840,B005LAIGLE,Contraband
841,B006H37PFC,The Fades: Season 1
842,B001C4QLBA,Stephen Fry in America Region 2
843,B00A9YBW0Y,The Hunt Jagten
844,B00CMT52T6,None found
845,B006Z7Z3KY,Dark Shadows: The Complete Original Series
846,B000PGVGX4,None found
847,B001APZMJ8,Nim's Island
848,B0036TGTDE,Blue Valentine
849,B00C6ACWLC,Doctor Who: The Moonbase
850,B000SQFBXW,Chalk
851,B004NBY242,Tucker and Dale vs. Evil 2011
852,B00D5P5KU2,None found
853,B000XPU53E,Kiss - Kissology: Volume 3
854,B009PK3BZ2,None found
855,B005LAIIMG,World War Z
856,B000W4WD40,None found
857,B000PKG8TM,Cashback
858,B006H3KR3E,The Devil's Rock
859,B000XJ5TPE,In the Shadow of the Moon
860,B005LAII12,None found
861,B002I9Z8GM,Star Trek: The Next Generation Motion Picture Collection (First Contact / Generations / Insurrection / Nemesis)
862,B0027FG29Y,Superman/Batman: Public Enemies
863,B000TZJBP6,Knocked Up
864,B00GBT61YS,It's a Mad Mad Mad Mad World
865,B0021L8UZS,Did You Hear About the Morgans?
866,B0094GSRXS,Doctor Who: Series 7 - Part 1
867,B004PFOGJ2,Rammbock: Berlin Undead
868,B001LIK8M0,Amusement
869,B0014VPFVS,Frontier
870,B001675YOS,Organizm
871,B004ITYDT8,Rocky & Bullwinkle & Friends: Complete 5th Season
872,B004LWZWBU,The Big Year
873,B002BWD764,Slayers: Seasons 1-3
874,B00HALOZIA,Raze
875,B002QW7AJY,None found
876,B008Y1YJN6,None found
877,B00ECXJC1O,Primeval New World: Complete Series
878,B005LAIHQS,Men in Black 3
879,B008JFUREC,The Smurfs 2
880,B002OOWKSU,Bored to Death: S1 (DVD)
881,B00BACT1I4,Iron Man: Rise of Technovore
882,B007549WKI,Iron Man Marvel Animated Series
883,B0016LHH62,Hana: The Tale of a Reluctant Samurai
884,B0050MB5JI,Gantz
885,B00BX8PG4S,Phantom
886,B007549XLG,Marvel: X-Men Set- Animated Series
887,B001CIOCJ4,Transsiberian
888,B005DD7LR4,Flypaper
889,B001UV4XGU,None found
890,B00BEJL69U,This is the End
891,B001GUL6BK,He-Man and the Masters of the Universe: the Complete Series Remake
892,B0062P332Y,Killer Elite
893,B00BBAQD6S,DCU: Superman: Unbound (DVD)
894,B0017XOFFU,Doctor Who: The Time Meddler
895,B003Y5H5AG,The Smurfs
896,B002BWP4A6,None found
897,B003XTUAHS,Wolverine and the X-Men: The Complete Series
898,B000Q66Q2O,Double Feature: Halloween II / Halloween III: Season of the Witch
899,B005LAII0I,Mirror Mirror
900,B005LAII58,None found
901,B009D4RPIE,Midsomer Murders - Set 21
902,B00978SIJ6,Butter
903,B00177YFYM,Welcome Home Roscoe Jenkins
904,B000N3AW6G,Turistas
905,B004QL7JYO,Everything Must Go
906,B0081FSMNI,Detention
907,B00B83OIVA,Top of the Lake (DVD)
908,B001RTCP1U,Caprica
909,B001F0TT6A,Thomas Kinkade's Christmas Cottage
910,B00527QY88,Whitechapel - Series 3 Region 2 UK
911,B004G5Z0B4,Downton Abbey: Seasons 1 - 2
912,B008SOS7MS,Tyler Perry's Madea's Witness Protection
913,B00BGI07NK,Veep: S2 (DVD)
914,B004Z6N7UA,Young Justice: S1 V1 (DVD)
915,B00GSBMNOQ,Philomena
916,B00166UFSY,Weeds: Season 3
917,B005ER6SNM,A Serbian Film
918,B0037OUWMW,None found
919,B004HO6I42,Arthur (2011) (DVD)
920,B005SH63VA,Young Justice S1 V3
921,B002IT5GDC,None found
922,B00F0SWPSC,None found
923,B002CGT0TW,The Haunted World of El Superbeasto
924,B002D303KY,Winter in Wartime (Oorlogswinter) [Region 2]
925,B00CO0LI5U,None found
926,B002ZG989G,Life as We Know It (DVD)
927,B002TZS58S,None found
928,B000N9VSN6,Prowler
929,B004BW1ZHU,Every Day
930,B000WC3A0S,Rocky: The Complete Saga
931,B001P3SA9Y,The Grudge 3
932,B000ULZLYY,None found
933,B009JARQ3G,Fringe: The Complete Fifth Season
934,B005LAJ212,Revenge: Season 1
935,B002CAWNDS,None found
936,B003ZVL0UU,Metallica / Slayer / Megadeth / Anthrax: The Big Four - Live From Sofia Bulgaria
937,B004O724M2,Stanley Kubrick: The Essential Collection
938,B0053O8AKU,Person of Interest: S1 (DVD)
939,B000PC8AKK,Super Friends: The Legendary Super Powers Show - The Complete Series
940,B0025Z8G4K,The Unusuals Season 1
941,B007AJOI0C,Phineas and Ferb: The Perry Files
942,B002BWP3UC,A Prophet
943,B000YE1REA,None found
944,B001F6ZIXC,Sons of Anarchy Season 1
945,B001GF8WSK,Berserk: Complete Collection
946,B005M0X078,The Phantom of the Opera at the Royal Albert Hall
947,B004RBC5LA,Marvel Knights: Spider-Woman Agent Of S.W.O.R.D
948,B004U2RBGU,None found
949,B004KPX56C,None found
950,B003Y5H5C4,30 Minutes or Less
951,B003L77G9W,"Family Guy, Volume Nine"
952,B002ZCY7PU,Chuck:S3 (DVD)
953,B001PYD0P2,Bled
954,B008XRE81E,Mighty Morphin Power Rangers: The Complete Series
955,B00I3MNGCG,None found
956,B000T28C90,Ghost Hunters: Live from ''The Shining'' Hotel
957,B006C1S1DY,War of the Arrows
958,B005F96UNM,Bunraku
959,B0021L8UL2,"New York, I Love You"
960,B000WEVGGQ,Boy Eats Girl
961,B00BB67UNW,None found
962,B0010VD7JO,He-Man and the Masters of the Universe - Volume One
963,B001OQCVH4,My Bloody Valentine 3D
964,B003EYVXYG,Survival of the Dead
965,B00188KD2I,None found
966,B00HEM9PW6,In Fear
967,B000X9LVQA,The
968,B001T46TAQ,End of the Line
969,B003H5WF3U,None found
970,B006U1J5ZY,Bond 50: The Complete 22 Film Collection
971,B001DJLD0S,"4 Film Favorites: Nightmare on Elm Street 5-8 (Freddy vs Jason, Freddy's Dead: The Final Nightmare, Nightmare on Elm Street 5: The Dream Child, Wes Craven's New Nightmare)"
972,B005LAIISA,Ice Age: Continental Drift
973,B00DNUF7KW,Europa Report
974,B0067EKYS6,The Great Gatsby
975,B000W4KT9G,Galactica 1980: The Complete Series
976,B003VDX6MW,Haven Season 1
977,B002KGB2EU,None found
978,B000WQW988,Nirvana: MTV Unplugged in New York
979,B002TUO2SU,Red Cliff (English Subtitled)
980,B009AP3HQK,Arbitrage
981,B000VIRD6U,Sunshine
982,B0018O4SOQ,Get Smart's Bruce and Lloyd // Out of Control
983,B0036WSW8G,Nanny McPhee & the Big Bang
984,B006IW8EA2,The Flowers of War
985,B000UFIYOE,Surf's Up
986,B001EWVANE,The Howdy Doody Show- 40 Episode Collection
987,B000YDJG0I,None found
988,B000OCY7TY,Blood & Chocolate
989,B00GTZWZH6,Warehouse 13: Season Five
990,B0000541WH,Clerks - The Animated Series Uncensored
991,B000YDBP3E,None found
992,B001UV4XWY,"Box, The (DVD)"
993,B007KAUWO2,Game Change (DVD)
994,B00I3MMN4I,None found
995,B004A8ZX32,"Tree of Life, The"
996,B002FUI4U6,None found
997,B00I099JZK,None found
998,B004LWZW2O,Scream 4
999,B008B9JTDQ,Beyond the Black Rainbow
1000,B0077NF7GU,Juan of the Dead
1001,B0012Z5ULG,Full Metal Panic! The Second Raid
1002,B00A4DML6E,Ultimate Spider-Man: Avenging Spider-Man
1003,B001MBUGLY,EA Sports Active - Nintendo Wii
1004,B000PKG8SS,The Host
1005,B006WN5W5M,None found
1006,B0010SAGHI,None found
1007,B0041G683W,Les Misérables: In Concert - 25th Anniversary Show
1008,B0021L8V1G,Iron Man 2
1009,B007MDB548,Secret of the Wings
1010,B004MA1K1M,Childrens Hospital: Complete First & Second Seasons
1011,B001N4PPWK,Leverage Season 1
1012,B005S9ELVC,Gangster Squad
1013,B001JNNDC4,Mirrors
1014,B008220CFG,The Possession
1015,B001EAWMGA,None found
1016,B0016AK37S,Naruto The Movie 2:Legend of Stone (DVD)
1017,B002KGEORM,None found
1018,B007G5GMMC,The Hunter
1019,B00AENNHOE,None found
1020,B009B8YZIK,Halo 4: Forward Unto Dawn
1021,B005LAIGWS,None found
1022,B0013ERFGE,Mad Money
1023,B00553KAK2,The Herculoids: Complete Series
1024,B002P0I6UO,Pontypool anglais
1025,B001IF3LYS,High School Musical 3: Senior Year
1026,B001RXB4GS,Legion of Superheroes V1-V3 (GFT/DVD)
1027,B009POCG22,Scooby-Doo: Mask of the Blue Falcon
1028,B003JDQJM8,Mother
1029,B004AKCMD4,Legend of the Guardians: The Owls of Ga'hoole
1030,B001AV3BWC,Prom Night
1031,B00EEXPDTM,Lovelace
1032,B00DYAE2IY,Doctor Who: Series 1-7 Giftset
1033,B007VI74VM,Doctor Who: Death to the Daleks
1034,B0056P6SOG,Hellraiser: Revelations
1035,B001GCUO0C,The Wolfman
1036,B00HNZHPGC,None found
1037,B002DU39GW,State of Play
1038,B005NQ5LPK,Heaven's Lost Property: Season 1
1039,B001OQCUYI,17 Again (DVD)
1040,B007K7IAHQ,Fate/Stay Night Unlimited Blade Works
1041,B002CWKU18,"Blacula / Scream, Blacula, Scream Double Feature"
1042,B003R4ZMOA,Louie: Season 1
1043,B001CDFOFA,Sailor Moon Sailor Stars: The Complete Collection
1044,B00JKPHUE0,The Amazing Spider-Man 2
1045,B004AE3QY4,Rabbit Hole
1046,B004F88IGQ,Tomorrow When the War Began
1047,B001GCUO16,X-Men Origins: Wolverine
1048,B000YV2EF4,AVH: Alien vs Hunter
1049,B003VRV9CW,30 Days of Night: Dark Days
1050,B00BYEWLIU,The Borgias: Season 3
1051,B006ZL2T66,Battlestar Galactica: Blood & Chrome
1052,B000JQYE4I,None found
1053,B002UTNJI4,"Bleach Uncut Season 4, Part 2 - The Bount"
1054,B0055UA1KO,Beast Wars: Transformers - The Complete Series
1055,B005GLHO48,Boy Wonder
1056,B00C7C00JU,The Lords of Salem
1057,B004GEYL9M,None found
1058,B005D82VLU,Rare Exports: A Christmas Tale by Jorma Tommila
1059,B000RKBU5W,Life on Mars: Series 1 Region 2 Non USA Format
1060,B002KJ7OE4,G.I. Joe A Real American Hero: Complete Collectors Set
1061,B005LAJ1ZE,Suburgatory: S1 (DVD)
1062,B0082CXI34,Adventure Time Volume 2
1063,B0012DUT3M,None found
1064,B001OQCV6A,Sherlock Holmes
1065,B00477VM0E,The Sacred Blacksmith: Complete Series (Limited Edition)
1066,B004TJRCU4,None found
1067,B00HW3ELGW,Orange Is The New Black: Season 1 [DVD + Digital]
1068,B00BIFRNPG,None found
1069,B00BW75MKI,None found
1070,B002EL4MJ8,Doghouse
1071,B006X040NY,Skyfall
1072,B0090SI3HU,Liberal Arts
1073,B0051MKN5O,Take Me Home Tonight
1074,B003Q7B742,Teenage Mutant Ninja Turtles: Turtles Forever
1075,B0013FZUQK,The Forbidden Kingdom
1076,B006PA0WF2,Young Justice: 3 Pack of Fun (DVD)
1077,B003VE9WO2,Night of the Demons
1078,B002PMA970,Wizards of Waverly Place: The Movie
1079,B00BT76642,21 & Over
1080,B000X1Z0BU,None found
1081,B0034G4P30,Prisoners
1082,B002ITB3PM,Flight of the Conchords: The Complete Collection
1083,B00AQ590FK,Superhuman Samurai Syber Squad - Volume 1 - 28 Eps
1084,B0084IHVQG,None found
1085,B004A77G10,Beneath Hill 60 [Region 2]
1086,B001UV4XIS,"HP7: Deathly Hallows, P2 (DVD)"
1087,B002VWNIC2,Fireball
1088,B00116GEK2,None found
1089,B000NDJGTK,The Ex
1090,B00ESNKDHA,None found
1091,B00BTRKMNI,Archer: The Complete Season 4
1092,B004ZISVRW,Trollhunter (English Subtitled)
1093,B003UESJEM,The Company Men
1094,B00KM9LY3Q,A Million Ways to Die in the West
1095,B00HMOW9YM,Adventures of Batman (1968)
1096,B000PE0G0A,DCU: Superman Doomsday DVD
1097,B0026LQM2Q,The Unborn
1098,B000WFFAIA,None found
1099,B00BMUL8QC,Battledogs
1100,B00A2H9UG6,Playing for Keeps
1101,B007K8ILTW,Fear & Desire
1102,B00E1LQEFE,Fruitvale Station
1103,B00CENSU3A,Berserk: Golden Age Arc II - Battle for Doldrey
1104,B00FZM8Z7I,Frozen Region Free
1105,B006YZSC3C,None found
1106,B002ZG99B8,The Green Hornet
1107,B00E3UN44W,None found
1108,B0035JHYGQ,Tenderness
1109,B004FZWDSI,ReBoot: Seasons One & Two
1110,B001AVCFGK,The Sisterhood of the Traveling Pants 2
1111,B007K3JCAE,Sherlock Holmes: Game of Shadows
1112,B0011B9W6U,The Living And The Dead
1113,B003P8JMRQ,Persons Unknown: Season 1
1114,B006Z4LOPK,Lost Girl - Season 1
1115,B000WXDMLE,None found
1116,B003L77GG0,None found
1117,B000O58ZHQ,Happily N'ever After
1118,B00HQOFAKI,Vampire Academy
1119,B00198X0YA,"Gargoyles - Season Two, Vol. 2"
1120,B00HNGZKZO,Dawn of the Planet of the Apes
1121,B001ATJQB4,None found
1122,B0015QWZ8S,None found
1123,B002UJX6R8,The Jeff Dunham Show Season 1
1124,B008220AGC,Beasts of the Southern Wild
1125,B000MM0LIM,Black X-Mas
1126,B002ZG99TA,Unstoppable
1127,B00C7T0EPS,6 Souls
1128,B002ZG983M,Kick-Ass
1129,B004A2AN56,Wall Street: Money Never Sleeps
1130,B00FRILRL6,The Family
1131,B000RMJ4EE,Automaton Transfusion
1132,B00H9KKGTO,None found
1133,B007Y36M26,Area 407
1134,B00AZNEW5G,None found
1135,B00915G6R6,The Good Wife: Season 4
1136,B00180OU7U,Alice Upside Down
1137,B009904NLY,DR. LISA: YOGA BLAST
1138,B00005JPFH,Spider-Man 3
1139,B006JTN5VM,Dragon Age: Dawn of the Seeker
1140,B001DJLD2G,4 Film Favorites: Superman (Cover may vary)
1141,B004XH9X2M,Miral
1142,B00BAXTY8U,Star Trek: The Next Generation - The Best of Both Worlds
1143,B00C7C00XG,Disconnect
1144,B00E8A0P80,10 Minute Solution: Butt Lift
1145,B007L6VR12,Moonrise Kingdom
1146,B002WSB5RU,Paranormal Entity
1147,B00GI0SX7S,TeenTitansGo!:MissionTo Misbeh S1P1(DVD)
1148,B004EPZ0BG,None found
1149,B001W9EUC2,Ip Man 2008
1150,B0013ERFFU,The Grand
1151,B0026IBMY2,None found
1152,B007FFWJIE,42nd Street Forever: The Edition
1153,B0039UT3LK,Crazy Heart
1154,B001L67A3M,Chocolate
1155,B005FWO3OM,WWE:Stone Cold S Austin:Bottom Line(DVD)
1156,B00BEIYH1A,Kick-Ass 2
1157,B003ES5JEC,Superman/Batman: Apocalypse
1158,B001HN69C2,"Time Traveler's Wife, The (DVD)"
1159,B00I3MMQYK,None found
1160,B00BCXW0XE,"Tiny Toon Adventures, Volume 4: Looney Links!"
1161,B002M3UEP4,Summer Wars
1162,B000PFUANC,The Incredible Hulk: The Complete Second Season
1163,B0019BI12I,Postal
1164,0785148744,"New Avengers, Vol. 2"
1165,B00266E6G0,Whitechapel [Regions 2 & 4]
1166,B005LAIIKS,The Odd Life of Timothy Green
1167,B001GM0GNC,Certifiable
1168,B004DCM5R2,The Traveler
1169,B000WGWQG8,John Adams
1170,B00938UVC2,Terminator Anthology (The Terminator / Terminator 2: Judgment Day / Terminator 3: Rise of the Machines / Terminator Salvation)
1171,B00BEIYSL4,None found
1172,B00275EGWY,The Hurt Locker
1173,B001ENNJSC,None found
1174,B003NEVW8E,Paul McCartney Really Is Dead: The Last Testament of George Harrison
1175,B001UV4X4W,None found
1176,B001B1876Q,Next Avengers: Heroes of Tomorrow
1177,B000VSDNFA,Skinwalkers
1178,B001U7NVZI,"Teenage Mutant Ninja Turtles: Season 7, Pt. 4 - The Raphael Slice"
1179,B005OGYH9A,Rolling Stones: Some Girls Live In Texas '78
1180,B003Y5H5JM,The Tempest
1181,B0038Q9Q6W,Dragon Ball: Season 4
1182,B000QCU534,Samurai Jack Season 4
1183,B00I4QRAUU,Grand Piano
1184,B000ZS8GWQ,We Own The Night
1185,B008L0YMSW,Daimajin - Triple Feature
1186,B001YDZYE4,Hounddog
1187,B003WKL6X0,House
1188,B002FUI4CE,Sleep Dealer
1189,B001C46P2K,None found
1190,B005LAII62,ParaNorman
1191,B004IB04OE,Captain Planet And The Planeteers: Season 1
1192,B009NNM9OA,42
1193,B008OGIPJA,Silver Linings Playbook
1194,B0059XTU3G,None found
1195,B002DH20PQ,Wanted Dead or Alive - The Complete Series
1196,B000LVKG2A,Drawn Together Season 3
1197,B008FTX6OU,Star Wars: The Clone Wars:S4 Box (DVD)
1198,B001C71IGA,Doctor Who: The Brain of Morbius
1199,B00AN5LCRC,Dangerous Liaisons
1200,B00AEVXGFG,Teenage Mutant Ninja Turtles: Rise of the Turtles
1201,B005WFWVL4,Contagion
1202,B008HE9PUC,Fringe: Complete Series 1-5
1203,B007MCSV1O,Superman vs The Elite
1204,B008J691HU,People Like Us
1205,B003ZSJ212,Star Wars: The Complete Saga - Episodes I-VI
1206,B008Y0I0HI,Bachelorette
1207,B001ECDVH2,The Incredible Hulk: The Complete Series
1208,B008VIMLSW,Marvel Knights: Astonishing X-Men Collection
1209,B002FOFX7O,"Iron Man: Armored Adventures, Vol. 1"
1210,B002VECM9K,Transylmania
1211,B0053O8AQE,2 Broke Girls: S1 (DVD)
1212,B001PWY4NG,JCVD
1213,B009LDD4V4,None found
1214,B001CQONPE,The Boys in the Band
1215,B004H75GBU,None found
1216,B003WH7AZ6,Valhalla Rising
1217,B000VZADNI,Colma: The Musical
1218,B00B9LNOKM,Digimon Tamers: Season 3
1219,B001539HQY,"The Woody Allen Collection, Sets 1-3"
1220,B00DMEBXDE,The Colony
1221,B005ENCIZI,Gamera 3 - Revenge of Iris
1222,B000QFAFMW,Doug Stanhope - No Refunds
1223,B006GHA9QQ,Andrew Lloyd Webber's Love Never Dies
1224,B003XL6EJO,Mystery Science Theater 3000: Vol. XIX
1225,B002ZG98KK,Piranha
1226,B00BD6KETC,Psych: The Complete Seventh Season
1227,B00ETKG8AI,None found
1228,B009JZTOG8,None found
1229,B002U6DVNU,Che
1230,B001EN5I3Q,Reaper: Season 1
1231,B0019X3YTQ,The Secret
1232,B009HONRO6,None found
1233,B001TIGFE2,LOOK
1234,B009HNDCC4,None found
1235,B00BLCHL4Y,None found
1236,B009Z59778,Red Dwarf: X (DVD)
1237,B001HQZJMU,The Mummy: Tomb of the Dragon Emperor
1238,B00275EHBY,None found
1239,B0099114WO,Hope Springs
1240,B004A8ZWWO,Tower Heist
1241,B008QTTGGG,None found
1242,B000P2A2X8,Slings & Arrows - Season 3
1243,B003CI2G6S,Agora italien
1244,B008BLCP0S,Veep:S1 (DVD)
1245,B004NSUXHU,Downton Abbey: Christmas Special
1246,B001N26GFM,The Boy in the Striped Pajamas
1247,B00CYQXGMW,The Good Wife: Season 5
1248,B008DGRDZ8,None found
1249,B0017XOFFK,Doctor Who: Black Orchid
1250,B007L6VMDK,Friends With Kids
1251,B004XCM89M,"Your Highness Extended Edition The Longer, Harder Version"
1252,B000U6YXPM,Saving Grace Season 1
1253,B004TPTH56,13 Assassins (English Subtitled)
1254,B005LAIIAI,None found
1255,B003UOHP92,Futurama Season 6
1256,B0059XTUVI,The Iron Lady
1257,B009SJ3GUK,None found
1258,B000NO2416,The Dark Ages
1259,B002JYPVT0,Vengeance Trilogy
1260,B00GQQ75QO,Divergent Digital
1261,B004HW7JNS,None found
1262,B004EPYZO4,"Rite, The (DVD)"
1263,B00104AYGK,Legend of the Black Scorpion
1264,B00ISSF7S6,Doctor Who: An Adventure in Space & Time
1265,B0083SBMGW,Marvel Cinematic Universe: Phase One - Avengers Assembled (Iron Man / The Incredible Hulk / Iron Man 2 / Thor / Captain America: The First Avenger / The Avengers)
1266,B00C8CQRQ4,Game of Thrones: Season 3
1267,B001QIVEVE,None found
1268,B003L77GI8,Archer: Season 2
1269,B001QTWC00,Watchmen: Tales of the Black Freighter & Under the Hood
1270,B000PC704W,Transmorphers
1271,B000YDOOEQ,Dragon Wars - D-War
1272,B006S0007E,Thor & Loki: Blood Brothers Season 1
1273,B001662FKK,The Signal
1274,B000OY9V7K,Birdman and the Galaxy Trio:CSR (DVD)
1275,B002R0LRGW,Baccano
1276,B0034CK5Q0,The Dungeon Masters
1277,B000P0J0E2,TALES FROM THE CRYPT: S6 (DVD)
1278,B004EPYZUS,Mission: Impossible Ghost Protocol
1279,B00FVS44GC,None found
1280,B007C4ZJ0S,Haywire
1281,B00BQNSK0W,Three Worlds
1282,B005CMSDKA,Hanna
1283,B00ISDJUYI,Green Lantern: The Animated Series
1284,B001D262LA,Dance of the Dead
1285,B005LAII7G,Dredd
1286,B002KLQ2Y0,Franklyn
1287,B0017XOFCS,Garfield Fun Fest
1288,B003102IPQ,The Fourth Kind
1289,B005LZW87M,7 Nights of Darkness
1290,B00275EHHS,None found
1291,B0034G4OYA,Hotel Transylvania
1292,B005775M22,Cartoon Network Adventure Time Vol. 1
1293,B004A8ZWVK,None found
1294,B006QWC2ZC,Absentia
1295,B00CFODA7O,Key of Life
1296,B003XMKU52,Gamera: Guardian of Universe / Gamera: Attack of Legion
1297,B00EYY6JHG,Enigma
1298,B009IF7092,The Big Bang Theory: The Complete Sixth Season
1299,B00DTOYIIE,Breaking Bad The Final Season
1300,B001LUW8G2,Batman: The Brave and the Bold: The Complete First Season
1301,B001PR0YGC,The Informant!
1302,B000ICRKLM,None found
1303,B005BUA1H6,Transformers Beast Wars: Seasons 2 & 3
1304,B008JFUNKU,Captain Phillips
1305,B00125WAY6,Sabrina the Teenage Witch - The Complete Animated Series
1306,B0095R3ES4,None found
1307,B002UZCJ8Y,Surrogates
1308,B00127RAKI,Shrooms
1309,B0023BZ65S,Big Man Japan
1310,B000NJMJHU,Memory
1311,B000MQ4WY2,Dracula - Masterpiece Theatre
1312,B003NVOVKS,Jedi Junkies
1313,B00HNGZM48,None found
1314,B000RQDMWA,Away From Her
1315,079284047X,"Train, The 1964"
1316,B001YXXQYE,Robot Chicken Star Wars 2 (DVD)
1317,B007HHWJD0,Joyful Noise
1318,B001BXQ97I,None found
1319,B005LAIHUO,Jack the Giant Slayer
1320,B000W07EKW,The Jason Bourne Collection (The Bourne Identity / The Bourne Supremacy / The Bourne Ultimatum)
1321,B004QP8B6K,"2012 Prophecy Change,Apocalypse And The End Of The World -SALE! $9.99"
1322,B000TNLZ0M,Lucky You (DVD) (WS) (9/07)
1323,B0034JKZ3G,The Princess and The Frog
1324,B000TZX62A,Gankutsuou: The Count of Monte Cristo - Complete Set
1325,B00DW5IKN4,"THE FALL, SERIES 1"
1326,B00404ME2E,Space Precinct 2040: The Complete Series
1327,B000W0A6AW,House Season 4
1328,B000TGCR38,Black Book
1329,B00D844FUQ,None found
1330,B00FEHCQEC,Man Of Tai Chi
1331,B00EO2I6OM,Zatoichi: The Blind Swordsman
1332,B000QDLSR0,Heroes: Season 1
1333,B0058YPN0U,Batman: Year One
1334,B001B7CNYC,Baby Mama
1335,B000T5O48K,Bug
1336,B008220828,None found
1337,B001UJIMFK,Hotel for Dogs
1338,B007IUEEA2,Seeking Justice
1339,B004HI79LO,C.O.P.S. - Volume 1
1340,B0063DOV2Q,My Living Doll: The Official Collection Vol. 1
1341,B00111YM5Q,None found
1342,B0031U8OGI,I'm No Dummy
1343,B00DL47YY2,None found
1344,B001N26GFC,None found
1345,B0058YPQ0C,Entourage: The Complete Eighth and Final Season
1346,B00HZ7S508,JLA Adventures: Trapped in Time
1347,B0010X8NMS,"Dragon Ball Z: Season 4 (Garlic Jr., Trunks, and Android Sagas)"
1348,B00ATLJYL6,John Dies at the End
1349,B005BPTLIQ,Shaun the Sheep - Complete Series 2 anglais
1350,B00H8C57GA,Doctor Who: The Time of the Doctor
1351,B000V4UGZY,Captivity
1352,B002VECMB8,None found
1353,B001L9EXU2,Saw V
1354,B003W5C0TY,The Bionic Woman: Season 1
1355,B002VECMAE,None found
1356,B001PR0Y4O,Night at the Museum: Battle of the Smithsonian
1357,B000YDZPBC,None found
1358,B0014BQR6U,Bella
1359,B000UYN9NG,Day X
1360,B000MMN6YS,Perfume - The Story Of A Murderer (Das Parfum - Die Geschichte Eines Moerders) [Blu-Ray Region A/B/C Import - Germany]
1361,B001R10BD2,Kanon: The Complete Series
1362,B0044BIZR6,The hole  2D metalbox 2D metalbox anglais
1363,B000YDZPZS,None found
1364,B0090XUARQ,"Upstairs, Downstairs: Season 2"
1365,B003PHJLIW,Perrier's Bounty
1366,B000WC38B4,Element: Yoga for Beginners
1367,B004PHE9FQ,Thor: Tales of Asgard
1368,B00BX8PG3Y,Shrek: The Musical
1369,B0051MKMNC,Limitless
1370,B00GO5I0HU,Special ID
1371,B0024FAR4I,Prison Break: The Final Break
1372,B001C5LLVE,Naked Fear
1373,B003UESJH4,The King's Speech
1374,B005GT3X68,Wrong Turn 4: Bloody Beginnings
1375,B003H0ZHGM,A Town Called Panic
1376,B004EE2ZY2,DCU All-Star Superman (DVD)
1377,B002SDOI14,None found
1378,B00AQVMZ1U,Downton Abbey - Series 4 2013
1379,B0038BZ9JU,Fish Tank [Region 2]
1380,B009NRQTA6,The Apparition
1381,B0011NVC84,Kite Liberator
1382,B0076XTH4Y,Shock Labyrinth
1383,B0041KKYGU,Bad Teacher
1384,B000Y7U97I,Death Sentence
1385,B006P0FIB0,The Three Musketeers
1386,B0032O66FY,Lake Mungo [Region 4]
1387,B003V61JUK,The Glades Season 1
1388,B007RG8ZF2,Young Justice: Dangerous Secrets (DVD)
1389,B004KCIO52,Portlandia Season 1
1390,B002ZCY872,Caprica: Season 1.0
1391,B000NOKJBS,Night at the Museum
1392,B00EIJTLK4,Seinfeld: The Complete Series
1393,B000YABYPQ,National Treasure 2: Book of Secrets
1394,B006512BFU,Shame [Region 2] by Michael Fassbender
1395,B002FOQXTQ,Dragon Ball: Season 1
1396,B000NDI3OE,The Ghost Busters: The Complete Series
1397,B00DL482G6,None found
1398,B00DL47RQ2,None found
1399,B001CB8NQE,None found
1400,B009TR7A08,State of Emergency
1401,0785142592,None found
1402,B004I1KZTI,Hulk Vs. Thor
1403,B0011NHCYM,Burn Notice Season 1
1404,B000PWQP9I,Masters of Horror: The Black Cat
1405,B0041SI7ES,WWE: Top 50 Superstars of All Time
1406,B005B0QYMM,Grave Encounters
1407,B005IWG4ZK,Snowtown
1408,B000QQFKYE,Inland Empire
1409,B000YAA68W,Persepolis
1410,B0015U0QWG,Otis
1411,B00DL47ORO,None found
1412,B0072OFM28,Spartacus: Vengeance: Season 2
1413,B0012KJ0DK,Fool's Gold
1414,B002ZG98RS,Remember Me
1415,B005CMGKTG,Space Battleship Yamato: The Final Battle
1416,B002ZG972Y,Alpha And Omega
1417,B00DV1XYTO,The Internship
1418,B000Y7U996,DragonLance Dragons of Autumn Twilight
1419,B00FEHCR1E,Element: Barre Conditioning
1420,B00F37VHPM,Doctor Who
1421,B002KX9CPO,Blood: The Last Vampire
1422,B005S9ELCG,None found
1423,B001TH16CY,Star Trek: Motion Picture Trilogy Domestic
1424,B000V4UH08,Fido
1425,B0083XXVFW,Anchorman 2: The Legend Continues
1426,B00114XLYQ,None found
1427,B00EE8AIV0,Superheroes: A Never-Ending Battle
1428,B00GBUQXSG,The Last Days on Mars
1429,B0016MOV92,Semi-Pro (WS/FS/DVD)
1430,B003SPDS8A,Eden of the East: The Complete Series
1431,B001CHFM62,Ultraman: The Complete Series
1432,B001AR60G0,Pulse 2: Afterlife
1433,B002ZG99N6,"Town, The (2010)(WS)(DVD)"
1434,B003Y5H51K,Sanctum
1435,B00JAQJMJ0,The Grand Budapest Hotel
1436,B0015OKWKI,None found
1437,B002RUNJCW,Princess of Mars
1438,B000TJBNEO,Species IV: The Awakening
1439,B00KD9N9BA,Million Dollar Arm (Plus Bonus Features)
1440,B001B8TUG0,Zombies! Zombies! Zombies!: Strippers vs. Zombies
1441,B004VLLWA6,Supernatural:The Anime Series: CSR (DVD)
1442,B001CAX2FC,Twins Of Evil
1443,B000YDWO0W,None found
1444,B005LAIHXQ,Prometheus
1445,B00A7GWGLS,Digimon: Digital Monsters - The Official Second Season
1446,B002QVFONE,Ghost Machine
1447,B000VECADU,First Snow
1448,B00B2LCW8O,ARCHER SEASON 4
1449,B000R5OFNQ,Doctor Strange: The Sorcerer Supreme
1450,B0021L8V0M,None found
1451,B004EQAVA0,Conviction
1452,B001FACH8M,An American Carol
1453,B0072C8ME0,Tim & Eric's Billion Dollar Movie
1454,B001FB4W0C,Supernatural: S4 (DVD)
1455,B008DL4MF2,Persona 4: The Animation Collection 1
1456,B001UV4XXS,Cloudy with a Chance of Meatballs
1457,B000UNYJV8,"This Is England (2006) [ NON-USA FORMAT, PAL, Reg.2 Import - United Kingdom ] by Frank Harper"
1458,B002T921C0,Amreeka
1459,B000V3JGII,The Coen Brothers Movie Collection: (Fargo / Miller's Crossing / Barton Fink / Raising Arizona / Blood Simple)
1460,B005IZLPKQ,Captain America: The First Avenger
1461,B008X0SSDU,None found
1462,B0049AF6UG,"Ricky Gervais Show, The: S1 (DVD)"
1463,B001MYIXAM,Special
1464,B005S9EJS2,None found
1465,B0028X36EE,The Rise & Fall of WCW
1466,B00BPDFXDA,None found
1467,B001CIOCJY,Sukiyaki Western Django
1468,B004LWZWGK,The Dark Knight Rises
1469,B008JSO786,None found
1470,B0029Z8KH4,None found
1471,B00CENWUZE,Doctor Who: The Snowmen
1472,B001MZ5W3M,Pride and Glory (DVD)
1473,B003XCGU8I,Mao's Last Dancer [Region 4]
1474,B000RXVNCO,Tales from the Crypt / The Vault of Horror
1475,B007REV69Q,Comic-Con Episode IV: A Fan's Hope
1476,B00164KYV4,He's Just Not That Into You (WS/FS/DVD)
1477,B003R0MF5I,Chuck:S4 (DVD)
1478,B007R6D74G,Journey 2: The Mysterious Island
1479,B0034G4OUO,Faster
1480,B00H9HZGQ0,Her
1481,B001P9N94E,The Butterfly Effect 3: Revelations
1482,B0021L8UOY,Away We Go
1483,B001KP2J26,Hulk Vs.
1484,B001HN697M,UNDERWORLD-RISE OF THE LYCANS (BR/WS 2.40/2 DISC/5.1/ENG-SUB/FR-SP-PO-BOTH)
1485,B001OQCVI8,Push
1486,B000MVI8HO,None found
1487,B00H7NDSPC,None found
1488,B00CEIOH3M,The Devil's Backbone
1489,B0096W47NO,None found
1490,B000WTLDPU,Stardust
1491,B009GEDP26,None found
1492,B000VJE1NW,The Mystery Science Theater 3000 Collection - Volume 12: (The Rebel Set / Secret Agent Super Dragon / The Starfighters / Parts: The Clonus Horror)
1493,B004XKVQKQ,Zen: Vendetta / Cabal / Ratking
1494,B003Y5H4SO,Devil
1495,B004MWZLYC,None found
1496,B002DYJTVW,SpongeBob SquarePants: The First 100 Episodes
1497,B00373PEVW,The Art of the Dynamic Handgun
1498,B000N2HDIW,The Film Crew: Killers From Space
1499,B00C3C0QB6,Room 237
1500,B004G7XCS0,Mystery Science Theater 3000: Vol. XX
1501,B0058WKA6O,Red vs. Blue Season 9
1502,B005EXA87S,Moby Dick And The Mighty Mightor: Complete Series
1503,B002XMGGJM,None found
1504,B006PTL1GC,A Dangerous Method
1505,B004NJC0JI,Transformers: The Complete Series
1506,B00J4LMHMK,The Machine
1507,B0010DR4BO,Assassination of Jesse James (WS/DVD)
1508,B000MRA592,Curse of the Golden Flower
1509,B001LMAK5Q,Private Valentine: Blonde & Dangerous
1510,B00114UUOK,5 Centimeters Per Second
1511,B00DNF1R74,WWE: Goldberg - The Ultimate Collection
1512,B009OAWMK8,Yng J Invasion Destiny Calling S2 P1 DVD
1513,B000OCZ9WS,Primeval
1514,B00J5LXT6M,Afflicted
1515,B00FM4S7KO,None found
1516,B003MI2GHM,Abandoned
1517,B001E1B6QG,Anamorph 2008
1518,B000NY1E9E,The Films of Alejandro Jodorowsky: (Fando y Lis / El Topo / The Holy Mountain)
1519,B005LAIHYU,None found
1520,B001LM6VV8,None found
1521,B004A71VFC,The Loved Ones [Region 2]
1522,B00FF46P6E,R.I.P.P.E.D. Total Body Challenge
1523,B001M6SHA6,Dragon Ball Z: Season 8
1524,B00CBNO8MK,None found
1525,B000WP07F6,Shattered
1526,B003M986TI,Dorian Gray
1527,B005C7SXMS,Submarine
1528,B00DZP1BZ0,The Frozen Ground
1529,B004A8ZWV0,Beginners
1530,B000U1ZV7G,"4 Film Favorites: Draculas (Dracula A.D. 1972, Dracula Has Risen from the Grave, Horror of Dracula, Taste the Blood of Dracula)"
1531,B005LAIHGI,The Dictator - BANNED & UNRATED Version
1532,B009369Z8A,Lawless
1533,B000UVKGPI,Shrek the Third
1534,B00BEIYMIS,None found
1535,B0019LY5IC,W
1536,B000OYCMO4,Masters of Horror: The Screwfly Solution
1537,B005LAIGN2,Red Tails
1538,B000QQDEZG,The Secrets of Isis - The Complete Series
1539,B0059XTUR2,Coriolanus
1540,B00BEIYN9Q,2 Guns
1541,B0013J55B6,Hancock
1542,B00JA3RPAG,3 Days to Kill
1543,B001GCUO7K,Monsters vs. Aliens
1544,B0015I2S88,Transformers Animated: Transform and Roll Out
1545,B004LWZW7Y,Puss in Boots
1546,B000WM9ZU2,None found
1547,B0037QGRV0,Cyrus
1548,B00104QSOC,The Diving Bell and the Butterfly
1549,B001P3SA8A,"Synecdoche, New York"
1550,B0047S4UPW,Dead Space: Aftermath
1551,B0019X3YWS,Shutter
1552,B0037L6BHK,Daria Season 1
1553,B008RNYMG0,That's My Boy
1554,B000RO6K80,Disturbia
1555,B005BYBZM2,Atrocious
1556,B00HQI811Y,Flowers In The Attic
1557,B004GLTK2I,None found
1558,B003YKC4BG,The Disappearance of Alice Creed
1559,B00BY6XM5E,Lilo & Stitch: Two-Movie Collection
1560,B001BYLFFS,Expelled: No Intelligence Allowed
1561,B009EU6F1U,Hit & Run
1562,B005TZFYUM,Elite Squad: The Enemy Within
1563,B001AR010Q,Kill Switch
1564,B002EOVXB0,Deadgirl
1565,B00BN3ED8I,Movie 43
1566,B003XL6EJY,Marvel Knights: Iron Man - Extremis
1567,B00408YYEG,Flash Gordon - The Complete Series
1568,B0064JV4LU,Intouchables - Edition simple César 2012 du Meilleur Acteur pour Omar Sy
1569,B000PFUAP0,Darkman Trilogy: (Darkman / Darkman II: The Return Of Durant / Darkman III: Die Darkman Die)
1570,B007QRER4K,None found
1571,B000UVV26A,"Paris, Je T'Aime"
1572,B001CT8762,Red
1573,B004EPZ070,Something Borrowed (DVD)
1574,B00D7AM2YW,"LINE OF DUTY, SERIES 1"
1575,B00108EF34,Cold Prey (Fritt vilt) [Region 2]
1576,B00GOQANS8,Contracted
1577,B001HINEH0,Watchmen Motion Comic: The Complete First Volume
1578,B00BP4WIUU,It's a Disaster
1579,B00CDH9VEE,Berserk: Golden Age Arc III - The Advent
1580,B005WAP2U6,The Guard
1581,B00104AYGU,Control
1582,B004TJRCNG,None found
1583,B00C3WI6WM,Welcome to the Punch
1584,B005LAIH86,None found
1585,B00IJS2NZU,Devil's Due
1586,B000P5FH26,Sweet Land - A Love Story
1587,B000WT7R6O,None found
1588,B003U0AHGE,"Essential Bugs Bunny, The (DVD)"
1589,B002ZG980U,Inception (DVD)
1590,B000TYV3C6,Spider-Man: The High Definition Trilogy
1591,B00BEJL4RO,Spring Breakers
1592,B000V6YROS,Fantastic Four 2-Rise of the Silver Surfer
1593,B003EYVXUU,Let Me In
1594,B002LNOJIS,ThanksKilling
1595,B000V9LK4A,The IT Crowd - Series 2
1596,B001P9N944,The Broken: After Dark Horrorfest III
1597,B001L1S1PI,None found
1598,B0058YPJ8G,CSI: Crime Scene Investigation - Season 12
1599,B0014DZ2XC,Shine Light
1600,B000X1N1VQ,None found
1601,B00742788O,None found
1602,B00G7QQ1Y0,In a World
1603,B00ADRYCWC,Celeste and Jesse Forever
1604,B0034G4ORC,None found
1605,B00FE1QXBK,Vikingdom
1606,B0010YVCB6,Chaos
1607,B001GLX74I,Star Wars - The Clone Wars
1608,B00BEIYP1W,Rush
1609,B001DN0UPI,Suzuka
1610,B00682LS4G,Abduction
1611,B005LAIH0O,The Devil Inside
1612,B003L20INS,I Am Love
1613,B006LL3WAM,Jack and Jill
1614,B005LAIGYQ,Act of Valor
1615,B004SEUJ5U,Wake Wood
1616,B000VLLYGC,I Am Omega
1617,B002IKIHE6,Land of the Lost
1618,B000T988I8,Georgia Rule
1619,B0031DDG90,Alice
1620,B00B0FQ8NC,Maiden England - PAL FORMAT
1621,B005MYEPXC,None found
1622,B003NFM3JK,Disney's A Christmas Carol
1623,B00C7C025M,What Maisie Knew
1624,B001G7Q640,Frisky Dingo:S2 (DVD)
1625,B001KKU9CS,Feast III: The Happy Finish
1626,B001URA5Y8,Powder Blue
1627,B00DAHSVYC,None found
1628,B0095HHM78,Cloud Atlas
1629,B00561BMXC,The Ledge
1630,B008FXLZB2,Eaters
1631,B00DLX766Y,Element: Yoga for Strengh & Flexibility
1632,B0030ZOYIG,Slayers Revolution: Season 4
1633,B0077ATSSQ,Extremely Loud & Incredibly Close
1634,B000WFW12S,Moonlight: The Complete Series
1635,B0034G4OWM,Furry Vengeance
1636,B000UX798I,Deck the Halls
1637,B002ZG99CC,The Karate Kid
1638,B00DKRXM7S,Drunk History Season 1
1639,B004I90IW4,Vanishing on 7th Street
1640,B003PDL346,None found
1641,B005TPRNGA,None found
1642,B004A8ZWUQ,None found
1643,B00F3WB7FM,None found
1644,B001MVYUQQ,Quarantine
1645,B00111YM5G,Gabriel
1646,B004D8P23U,Fernando Di Leo: Crime Collection
1647,B0038RSIGA,Hamlet
1648,B0064NTZJO,None found
1649,B000W4Z5ZO,The Office Season 4
1650,B00D5PSQ44,Superboy: The Complete Fourth Season
1651,B008JFUN50,None found
1652,B00DVN14XU,Hell Baby
1653,B003UD7JDA,Raising Hope: Season 1
1654,B005LAIGRS,None found
1655,B005BYBZR2,Devil's Playground
1656,B00GPPXNIK,None found
1657,B00FGVRZOM,Short Term 12
1658,B000NA21RM,Dorm
1659,B000WQAYKS,None found
1660,B001PPGAIU,Haunting of Molly Hartley
1661,B0053O89JM,House: Season Eight
1662,B004ULNJF8,Blitz
1663,B001W79MB8,Sword of the Stranger
1664,B000VU6K0I,None found
1665,B001KMB6VE,Babylon A.D.
1666,B004I0C0QK,None found
1667,B00D5OZQUC,None found
1668,B00HLSW6TW,The Legend of Hercules 2014
1669,B0087ITBPC,The Guilt Trip
1670,B006W9KNXC,Downton Abbey Season 3 [Region 2 DVD] [Imported] (European Release)
1671,B0031R731S,Summer Hours
1672,B00FJ01MQC,None found
1673,B003RCJF9A,Hunger
1674,B00CENSU1W,DCU:Justice League:Flashpoint Paradox
1675,B00DL477I0,None found
1676,B00BLCHYKU,None found
1677,B002JYPVRM,G.I. Joe A Real American Hero: Season 1.2
1678,B003Y5H56K,Tyler Perry's Madea's Big Happy Family
1679,B009AMAH3O,Escape From Planet Earth
1680,B000VHVT66,None found
1681,B006WNSHUY,Where on Earth is Carmen Sandiego? - The Complete Series
1682,B00ADHOMZ4,Liz & Dick
1683,B00EAI9R1Q,The Canyons
1684,B004EPZ03O,The Muppets
1685,B002ZG982S,None found
1686,B005TK22CU,Don't Be Afraid of the Dark
1687,B0036EH3XY,X-Men: Volume Five
1688,B000P2A6CA,None found
1689,B00CJ7Y0US,Garden of Words
1690,B0034G4OSG,Brooklyn's Finest
1691,B0010X7432,PTU: Police Tactical Unit
1692,B007KW5MOU,Batman: The Brave and the Bold: Season 3
1693,B0012GVKV4,CN: Classic Ben 10 Race Against Time
1694,B0051PLQR0,Super
1695,B007UQ8IT2,Lovely Molly
1696,B00DTPRZ0G,Curse of Chucky
1697,B003EYVXSW,Splice (DVD)
1698,B0011W2IN8,Doctor Who - The Complete - Series 4 Collection anglais
1699,B000R20164,Bury My Heart at Wounded Knee
1700,B00BCRRA8U,None found
1701,B00B8P8O9K,None found
1702,B00C6ACVD6,Doctor Who: Series 7
1703,B00BEIYLO8,None found
1704,B005G02LC4,Chillerama
1705,B002NS5HOQ,Mystery Science Theater 3000 - Vol. XVI: (The Corpse Vanishes / Warrior of the Lost World / Santa Claus / Night of the Blood Beast)
1706,B00782O82Y,Thundercats:S1 Book 2 (2010/DVD)
1707,B002NJBPXC,Train
1708,B0016GOM5Q,Tombstone
1709,B004UFE2XM,None found
1710,B003K2G0TA,21 Jump Street: The Complete Series
1711,B005GYXNT0,AGELESS WITH KATHY SMITH: TOTAL BODY TURNAROUND
1712,B004VJQ7F8,None found
1713,B00CDBQNZU,None found
1714,B006MVKMTU,"Doctor Who:Xmas:Dr,Widow,Wardr(2011/DVD)"
1715,B002ZG998G,The Bounty Hunter
1716,B000O5B4BU,Deadwood: The Complete Series
1717,B00125WAUK,Flash Point
1718,B0021L8V34,None found
1719,B001QDDILI,None found
1720,B005BXY1RE,The Avengers: Volume 3 - Iron Man Unleashed
1721,B00F9IB1M4,None found
1722,B0052DP1RC,The Ward
1723,B002OQZE5E,The Skeptic
1724,B00J2PQYYK,A Hard Day's Night
1725,B003L77G8I,Bones: Season 6
1726,B00CUDD0J8,Gallowwalker
1727,B000M7XRCY,A Brush With Death
1728,B0076VJ2V4,Night of the Living Dead Re-animation Includes 2D Version
1729,B002UOMGZQ,None found
1730,B0013FJOG2,Jericho Season 2
1731,B000UYX4Q8,Jerome Bixby's The Man from Earth
1732,B000VKL6Z2,Halloween
1733,B001CTXUTQ,Batman:Animated Series:CSR (DVD)
1734,B008JFUS0U,None found
1735,B009LA1QYE,Mankind: The Story of All of Us
1736,B0014E29UA,Pineapple Express Unrated Edition
1737,B000U1ZV6W,"4 Film Favorites: Stephen King (Creepshow, Dolores Claiborne, Dreamcatcher, Stephen King's Cat's Eye)"
1738,B001OMZYEK,Shigurui: Death Frenzy Complete
1739,B001MEJY8W,Martyrs
1740,B004X181TY,Jane Eyre 2011
1741,B003UD7J6W,True Blood: Season 4
1742,B003L77H1E,Psych: The Complete Fifth Season
1743,B0011U52E2,Enchanted
1744,B008SBXFNM,Ancient Aliens: Season 4
1745,B0034G4OXQ,Hereafter (2010)
1746,B009NNMAZI,White House Down
1747,B00BEIYIUA,None found
1748,B000R5OFNG,I Think I Love My Wife
1749,B0087IT9UY,For Greater Glory
1750,B00120LPP6,WWE: The Life and Times of Mr. Perfect
1751,B001PN63PC,None found
1752,B000H4YNM0,None found
1753,B000W4BJ7C,None found
1754,B0064JGWZS,None found
1755,B0077T5SUE,Transformers Japanese Collection: Super-God Masterforce
1756,B00543R3WG,Harry Potter - Complete 8-Film Collection
1757,B003CWHG8M,South Park Season 14
1758,B0015I2RSO,27 Dresses
1759,B001BXV0IQ,None found
1760,B0016BGYYI,Masters of Horror: Season 2
1761,B0012Q732O,"10,000 BC (DVD/WS/FS)"
1762,B004Q7BF5M,ReBoot: The Definitive Mainframe Edition
1763,B0013FSL1Q,Stop-Loss
1764,B000QUU7KM,Perfect Creature
1765,B005BXY1PG,The Avengers: Volume 4 - Thor's Last Stand
1766,B000RJO56E,Arnold Schwarzenegger Comedy Favorites Collection (Twins / Kindergarten Cop / Junior)
1767,B00CFNM274,The Deflowering of Eva van End
1768,B002LMV7Q6,None found
1769,B004LWZW7E,In Time
1770,B001DWNUII,Jeff Dunham's Very Special Christmas Special
1771,B000S1MMCU,"Washingtonians, The"
1772,B006PI3BUW,Bleach the Movie: Hell Verse
1773,B00150OTCE,The Orphanage
1774,B000W2C28Y,"The All Â– New Super Friends Hour: Season 1, Vol. 1"
1775,B002Y0KR70,Dragon Ball: Season 3
1776,B002K0WBVO,None found
1777,B009W4BRJ8,Aliyah
1778,B006U239KU,Children Who Chase Lost Voices
1779,B0012QRPU4,None found
1780,B001F7Q4IE,Meet Dave
1781,B002E01M8I,Homicide
1782,B00FKFGZZO,Escape from Tomorrow
1783,B002EP8FDI,Fear Itself: Season 1
1784,B000ZBEOF6,Across the Universe
1785,B001BN25VW,Silverhawks: Season 1 Volume 1
1786,B00JH3S0AI,Under the Skin
1787,B009934S5M,Star Trek Into Darkness
1788,B005LAIH2C,Hansel & Gretel: Witch Hunters
1789,B003ES5JJ2,Jesse Stone: No Remorse
1790,B000SAGGS2,BloodRayne 2
1791,B0038N9X3G,Leap Year
1792,B00ALX3QBQ,Jack Irish - Bad debts
1793,B00DLX761E,10 Minute Solution: High Intensity Interval Training
1794,B00915G6TE,None found
1795,B003M9ZAC4,Rocky & Bullwinkle & Friends: Season 4
1796,B00HXH00YE,Avengers Confidential: Black Widow & Punisher
1797,B002ZG99KO,The Sorcerer's Apprentice
1798,B0045ASBLG,Disney WOW: World of Wonder
1799,B003B3V0N4,When In Rome
1800,B003SPDS7G,Dragon Ball GT: The Complete Series
1801,B00BPRI6WG,STORIES WE TELL (Sarah Polley)
1802,B004FHCH6Y,None found
1803,B00IAKMVHM,The Art of The Steal
1804,B006YP42IG,Being Human (U.S.) Season 2
1805,B00JGMK6VG,Captain America: The Winter Soldier (Plus Bonus Features)
1806,B007R5A1FA,Dead Season
1807,B001QB9H10,Transporter 3
1808,B0098VVF1A,TRON: Uprising Volume 1
1809,B000ZIZ0RA,Becoming Jane
1810,B009MUW7DM,None found
1811,B004EPYZPS,Super 8
1812,B001CZJP0S,Death Note: Set 1
1813,B002GLG5L4,Live Animals
1814,B0016MJ6IS,Superhero Movie Brand New
1815,B005DMHHHY,"Looney Tunes: Platinum Collection, Vol. 1"
1816,B00187FPC2,Funny Games
1817,B0014E29TQ,21
1818,B00I9KW95M,BATES MOTEL: SEASON TWO-BATES MOTEL: SEASON TWO
1819,B004W48KHK,Yellow Brick Road
1820,B0010TDRP0,Blade:Series (DVD)
1821,B00I3MNVBW,None found
1822,B001LK8UP0,Nothing Like the Holidays
1823,B000YABYLA,Juno
1824,B00HEPE6MM,Lone Survivor
1825,B0016K76V4,The Machine Girl
1826,B00IVMTL9K,None found
1827,B003T0M4U2,None found
1828,B00D97DLYS,Marvel Knights: Ultimate Wolverine Vs. Hulk
1829,B002N5N5LG,Community: Season 1
1830,B000WZEZFY,Superbad
1831,B0068MNNOE,Anonymous
1832,B002WNU0QW,Leaves of Grass
1833,B002BWP2IK,Warehouse 13: Season One
1834,B004QL7KKC,50/50
1835,B001XRLWLU,Life on Mars: The Complete Series
1836,B0090SI4HO,The Last Stand
1837,B005FLSZQU,Spy Kids 4: All The Time In The World
1838,B001DPHDCY,Horton Hears a Who
1839,B001GCUNW6,Ice Age: Dawn of the Dinosaurs
1840,B002VJJMT8,Cirque Du Freak: The Vampire's Assistant
1841,B001KVZ6A2,Waltz with Bashir
1842,B00L86ZKAK,None found
1843,B0068RHSCW,Dream House
1844,B0079J28NC,Yellow Submarine
1845,B001DHXT6Q,"SpongeBob SquarePants: Season 5, Vol. 2"
1846,B00DL47KWI,None found
1847,B00114UUA4,Fingerprints
1848,B001HEJYY6,The Chaser
1849,B0087ITBWA,How to Survive a Plague
1850,B000O58ZHG,"Hellsing Ultimate, Vol. 2"
1851,B002RUNMMO,WWII in HD
1852,B001SLNPTI,Transformers: Season 1
1853,B005Z9MGRG,Dirty Girl
1854,B002FICQFM,"Hills Run Red, The (DVD)"
1855,B001L57ZZG,The Duchess
1856,B008220BLG,Warm Bodies Digital
1857,B00344EALY,Kill Theory
1858,B00A2H9L2E,Silent Hill: Revelation
1859,B002945DXE,Doctor Who: Delta and the Bannermen
1860,B00104AYF6,Storm Warning
1861,B0031L5CJO,"G.I. Joe, A Real American Hero: Season 2"
1862,B00KACCIQM,Penny Dreadful: Season One
1863,B00151QYXU,Untraceable
1864,B008XEZXA2,Painted Skin: The Resurrection
1865,B00AJER3SE,The Terminator
1866,B001V98S2G,Better Off Ted Season 1
1867,B005OK722U,Hostel: Part III
1868,B000UR9TDM,Basilisk
1869,B0010X73ZG,The Mist
1870,B001P9N99O,From Within
1871,B000UNYK44,Kaw
1872,B00BXTFDK4,Doctor Who: Series 7 - Part 2
1873,B00105308I,South Park - Imaginationland
1874,B004I11VZ0,Ip Man 2
1875,B000VU8DCQ,None found
1876,B0067EKY7M,Salmon Fishing in the Yemen
1877,B00368PSIW,WWE: WrestleMania XXVI
1878,B00BEIYHO2,None found
1879,B002P413IC,The Ugly Truth
1880,B001AZIRWW,Dororo
1881,B001GCUO6Q,I've Loved You So Long
1882,B005HWAOHK,Larry Crowne
1883,B0030HJER0,Being Human: Season 2
1884,B009V192YE,La Sirga
1885,B0010ZR160,"Gone, Baby, Gone"
1886,B0077MFBYO,Emperor & the White Snake
1887,B006WDWBK6,Archie's Weird Mysteries - The Complete Series
1888,B0027BOL46,The Girlfriend Experience
1889,B001UNVDWA,None found
1890,B0019M5C0Q,Transformers: Revenge of the Fallen
1891,B001UV4XUG,(500) Days of Summer
1892,B002ZG999U,EXPENDABLES (DVD) (WS/ENG/5.1 DOL DIG)
1893,B0024FAR52,The Simpsons: Season 12
1894,B0047BXQZY,TCM Greatest Classic Film Collection: Legends - Errol Flynn (The Adventures of Robin Hood / Captain Blood / The Sea Hawk / Adventures of Don Juan)
1895,B009V1934I,Lucky
1896,B003EBIUOK,None found
1897,B0012IX358,The Lost
1898,B00FMO7TSA,Argento's Dracula
1899,B005OY6LBE,Puncture
1900,B005IUIXCE,13
1901,B0015XHQVC,"War, Inc."
1902,B0087ITAHG,None found
1903,B002ZG98SW,REPO MEN
1904,B004PFF6EQ,Rubber
1905,B005F96UQ4,Bedlam: Season 1 (DVD)
1906,B009OYSFDM,None found
1907,B002NN7EYC,Parker Lewis Can't Lose: Season 2
1908,B000PFUAN2,Voyagers! The Complete Series
1909,B00BI7ZAM2,None found
1910,B002IFUCYE,It's Always Sunny in Philadelphia: A Very Sunny Christmas
1911,B001B73PPS,Mystery Science Theater 3000
1912,B0059XTTW8,"Tinker, Tailor, Soldier, Spy"
1913,B004QOB8QG,Doctor Who:SR6P1 (DVD)
1914,B009V0LREI,Shun Li and the Poet
1915,B0058ZPMYG,Hesher
1916,B0018PH3NS,The Rebel
1917,B001HN6922,None found
1918,B002R0ELCY,Justice League: Crisis on Two Earths with Litho Cel
1919,B004IEBRSI,Tron: The Original Classic / Tron: Legacy
1920,B000Y7ZHB6,Confessions of a Superhero
1921,B00AJEL71S,Ookami Kodomo No Ame To Yuki - Family Package Ban (BD+DVD+BOOKLET) [Japan LTD BD] VPXT-71243
1922,B002GP7ZWI,Farscape: The Complete Series
1923,B008FYZHPG,Dr. Goldfoot and the Bikini Machine / Dr. Goldfoot & the Girl Bombs
1924,B001P3SA8U,Cadillac Records
1925,B00GJ6HQDI,Beware the Batman:Shadows GthmS1P1 13eps
1926,B004G8QO6Q,Barney's Version
1927,B00A27OMKU,Shiva Rea: Yoga in Greece
1928,B005D63I78,None found
1929,B0012IX35S,None found
1930,B000UJ48OU,Hostel: Part II
1931,B003KZ27N0,None found
1932,B000X410IY,The Sopranos: The Complete Series
1933,B006WNSHZO,None found
1934,B000NO23VW,Daniel Tosh: Completely Serious
1935,B002Z01XOU,District 13 - Ultimatum (English Subtitled)
1936,B00HUCF7AO,Orphan Black: Season Two (BBC/DVD)
1937,B004QOB8O8,The Borgias: Season 1
1938,B005D63H8S,None found
1939,B001B9ZVVC,Icons of Horror Collection: Hammer Films (The Curse of the Mummy's Tomb / Scream of Fear / The Two Faces of Dr. Jekyll / The Gorgon)
1940,B002T5QM42,Creation anglais
1941,B001BPJJ8M,Spectacular Spider:Man: Attack of the Lizard
1942,B005LAIIPS,The Bourne Legacy
1943,B00HEPDGKA,47 Ronin
1944,B000IK882Y,None found
1945,B001QDKK3W,None found
1946,B002ZG97TW,Grown Ups
1947,B001L9EXMU,Walled In
1948,B003Y5H524,Just Go With It
1949,B001F34HQY,"Devil's Curse, The"
1950,B004UXUUDA,Elle s'appelait Sarah
1951,B002VECM3Q,None found
1952,B000VQQJ8U,Ocean's Thirteen
1953,B009AMALGM,Paranormal Activity 4: Unrated Edition
1954,B004JST21W,Clannad After Story Complete Collection
1955,B000XJ5TOA,The Brothers Solomon
1956,B0049TC88U,You Again
1957,B004MYYHG8,The Avengers: Volume One - Heroes Assemble!
1958,B004FUYSUO,Doctor Who: A Christmas Carol
1959,B001D8W7J0,Midnight Movie
1960,B005SQRYG4,Underdog: The Complete Series
1961,B00DPUB56U,Byzantium [VHS]
1962,B00AFEY354,The Perks of Being a Wallflower
1963,B001BEK86K,Then She Found Me
1964,B001AII4Q8,Transformers Animated: Season 1
1965,B00BMRTPEM,The White Queen 2017
1966,B001ENLHX6,None found
1967,B00AZMFINM,A Haunted House
1968,B0060ZJ74O,Moneyball
1969,B0095R53M4,None found
1970,B00DVD5RE2,The East
1971,B0021Y8RW6,None found
1972,B003Y7F1NC,None found
1973,B009PI7EIE,None found
1974,B001KXZGNW,TCM Greatest Classic Films Collection: Romantic Comedies (Adam's Rib / Woman of the Year / The Philadelphia Story / Bringing Up Baby)
1975,B004GSVXBW,Four-Movie Marathon: Classic War Collection (Wake Island / To Hell and Back / Battle Hymn / Gray Lady Down)
1976,B00308BB52,The Penguins of Madagascar Operation Premier
1977,B001EUSYIA,Wendy and Lucy
1978,B008220BA2,None found
1979,B004RD37JW,2012: Ice Age
1980,B003VOVW7M,Last Exile: The Complete Series
1981,B000YATOOE,Secret Sunshine
1982,B001P9N93U,Autopsy: After Dark Horrorfest III
1983,B003Z8ZCD4,None found
1984,B003DZX46G,"Family Guy, Volume Eight"
1985,B004HO6I2E,The Change-Up
1986,B001NKWLBW,Harlan Ellison: Dreams with Sharp Teeth
1987,B000S76LKI,SQUIDBILLIES:VOLUME 1
1988,B00CDBTVM2,None found
1989,B001DDBCUA,None found
1990,B002BWP3W0,Black Dynamite
1991,B00BEIYIF0,None found
1992,B0013D8LLS,The Cottage
1993,B0013D8LBS,Grace Is Gone
1994,B00HMCLQMA,HELIX Season 1
1995,B00337ZGIS,None found
1996,B001F2U6X8,Guyver -The Bioboosted Armor: Complete
1997,B004QC6HGY,Mickey Spillane’s Mike Hammer: The Complete Series
1998,B001NPD9PE,Street Fighter: The Legend of Chun-Li
1999,B004Z29XEI,Like Crazy
2000,B00465I19C,Marvel Knights: Black Panther
2001,B001RP975G,S Darko: A Donnie Darko Tale
2002,B0041R9PX6,Freakonomics
2003,B0014567V6,Teenage Mutant Ninja Turtles: Ninja Tribunal
2004,B000SMNL92,Birds of Prey:CSR (DVD)
2005,B002AT4JOM,Life Is Hot In Cracktown
2006,B000ULTV4U,None found
2007,B0021BSOHW,The Twelve Kingdoms Complete Collection
2008,B001QOGYFO,Whiteout (DVD)
2009,B004X2M3N8,None found
2010,B0058YPL66,Once Upon a Time: Season 1
2011,B002IAAS2U,SpongeBob SquarePants Season 7
2012,B005FUTBV4,Red State
2013,B000VBB6F6,A Mighty Heart
2014,B001IDZLCK,Twilight - Ultimate Collector's Set
2015,B006LMRMMA,None found
2016,B001KVZ6FW,None found
2017,B00195FUD2,Doomsday
2018,B0014V8IEY,Katyn
2019,B003L20IG0,The Next Three Days
2020,B005FISBTO,Dexter: Season 6
2021,B002I41KLE,The Thaw
2022,B001TOD6N4,Taking Chance (DVD)
2023,B0021L8UPS,Orphan
2024,B007L6VPXC,Casa De Mi Padre
2025,B008JFUNYG,Evil Dead
2026,B006QS9MKE,Corman's World
2027,B000NOIVT0,Seraphim Falls
2028,B004GZZGXG,Firebreather
2029,B004DMIIPA,FLCL: The Complete Series
2030,B008WCP2A6,"Day, The"
2031,B00HX0KIAM,Ride Along
2032,B00FXB8RRO,Attack on Titan: Part 1
2033,B007QYRCX6,None found
2034,B006JN8770,Transformers: Prime - Season One
2035,B005EKWZD6,C.O.P.S - Volume 2
2036,B0089BSNVK,Get A Life: The Complete Series
2037,B00IGVJH0E,The Spectacular Spider-Man: The Complete Series
2038,B000UPMZ1M,The Batman: Season 4
2039,B0013LRKYO,Music Within
2040,B00DVFR8QA,None found
2041,B00B9LNQ3C,Hansel & Gretel Get Baked
2042,B00915G6SU,None found
2043,B00BUH1QHS,12 Rounds 2: Reloaded
2044,B005OK721G,None found
2045,B007C7UI8S,None found
2046,B008LRB1O8,None found
2047,B001KZH2I2,Role Models
2048,B000VKL6ZM,The Last Legion
2049,B003TO541O,Sherlock: Season 1
2050,B002FE5XU6,Monty Python: Almost The Truth - The Lawyer's Cut
2051,B003L77GN8,Eastbound & Down: Season 2
2052,B002TWWOHE,None found
2053,B002E2M5IC,A Serious Man
2054,B002KX9COU,None found
2055,B005S9EHL6,None found
2056,B005G172Q8,Whitechapel: The Ripper Returns
2057,B000WTVZGC,Lake Placid 2
2058,B003ZXNCH2,Exit Through The Gift Shop
2059,B003Y5H54W,Red Riding Hood (DVD)
2060,B002EZLQ0W,Bodybuilding (Chinese Edition)
2061,B007XF0XUW,Girls Gone Dead
2062,B000TKCNWY,Wings of Honneamise
2063,B001CTA1UM,Four Christmases (DVD)
2064,B0021L8UHQ,12 Rounds: Extreme Cut
2065,B00K2CHVJ4,Godzilla
2066,B008UZ94F4,Harry Potter Double Feature: The Deathly Hallows Part 1 & 2
2067,B008Y1YJ90,Arthur Christmas
2068,B006E02GRK,A Monster in Paris
2069,B00751JL2K,Playback
2070,B00111YM56,Black Water
2071,B000I5PVD8,None found
2072,B008PEHZXI,Mr Selfridge - Series 1 2013
2073,B008G33O0G,The Cabin In The Woods
2074,B0029XFNBC,Futurama: The Complete Collection
2075,B00DEQQK8S,Friday the 13th: The Complete Collection
2076,B0067EKYAY,Taken 2
2077,B008JFUQ16,Despicable Me 2
2078,B002KD9C22,Claymore: Complete Series
2079,B00285WR9M,The Baader Meinhof Complex [Region 2]
2080,B0041KKYEM,Black Swan
2081,B003L77GRO,None found
2082,B001AR0D5Y,Never Cry Werewolf
2083,B003DC884C,"Naruto Uncut Season 3, Vol. 1"
2084,B004RC8NUQ,No Strings Attached
2085,B000TSMOFM,"Witchblade, Vol. 1"
2086,B000QGDY06,Premonition
2087,B0048LPRDC,Check it Out: Season 1-2
2088,B00H1RMOI6,Escape Plan
2089,B0029XFQF0,Black Lagoon: The Complete Series Set
2090,B009AMAJBO,Revolution: S1 (DVD)
2091,B002TVQ4GW,Triangle
2092,B008OR5X4O,Werewolf: The Beast Among Us
2093,B001J710XO,Disaster Movie
2094,B0012680BM,"Jayce and the Wheeled Warriors, Vol. 1"
2095,B001C71IFQ,CN:Classic Ben 10:Alien Force:S1V1 (DVD)
2096,B001FB55LW,Yes Man
2097,B007IJKQG4,Gone
2098,B0090SI3ZW,The Man with the Iron Fists
2099,B00BC75H5S,Upstream Color by Amy Seimetz
2100,B000W8KY0G,The Outer Limits - The Complete Original Series Volumes 1-3
2101,B004LWZW4M,Rise of the Planet of the Apes
2102,B00915G6MG,NCIS: Season 10
2103,B003L77GWE,Warehouse 13: Season Two
2104,B00BC36YWC,We're the Millers
2105,B004LWZW9W,We Bought a Zoo
2106,B000WNHTCC,Universal Horror: Classic Movie Archive (The Black Cat / Man Made Monster / Horror Island / Night Monster / Captive Wild Woman)
2107,B0092Q82LC,True Blood: Season 5
2108,B00BUAMQS8,CN: Regular Show S1 & S2 (DVD)
2109,B005LAIHZY,Brave
2110,B000MRNWJ2,Beneath Still Waters
2111,B003U9UXPA,Wild Target
2112,B003VEL9E8,The Experiment
2113,B00BPEJWAE,None found
2114,B0012EM5F6,Perry Mason
2115,B000SULWKO,TALES FROM THE CRYPT: S7 (DVD)
2116,B000QUCNOU,Zodiac
2117,B0079K4W9E,Metal Tornado
2118,B00IO998U2,Dr Who: The Enemy of the World (DVD)
2119,B003EYVXXC,None found
2120,B005BYBZKO,New Adventures Of Zorro
2121,B00GZ0ML2Y,DCU: Son of Batman (DVD)
2122,B00DCLT9R4,WWE: Triple H - Thy Kingdom Come
2123,B000WMHD7Y,None found
2124,B006Z48TZS,None found
2125,B002VKE0XA,Paranormal Activity
2126,B00177Y9ZW,Meet The Spartans
2127,B00DOS59RE,Redemption
2128,B005LAIGQ4,Big Miracle
2129,B000MR8W8I,The Simpsons: Season 11
2130,B0086213XW,Take This Waltz
2131,B003L20IE2,Scott Pilgrim vs. The World
2132,B0030E5NJ6,Amelia
2133,B00A0G14DQ,The Bay
2134,B00F3WOO70,None found
2135,B002S0OB8M,My Soul to Take
2136,B000TAN904,The Invisible
2137,B002FVPFU2,Battle for Terra
2138,B0053O89KG,None found
2139,B004YJZDBO,Hidden Reino Unido
2140,B008CP2E7C,Searching for Sugar Man
2141,B001UIY73C,Mega Shark vs Giant Octopus
2142,B008220C38,Anna Karenina
2143,B000UNYJVI,Welcome to the Jungle
2144,B000OC3FZQ,None found
2145,B002QS5OQ4,None found
2146,B003L77H2I,White Collar: Season 2
2147,B00IQAUO2A,None found
2148,B001053038,Saw IV
2149,B000PWQP8O,Unholy
2150,B00GMV8IGO,None found
2151,B008RV5K4U,Batman: The Dark Knight Returns P1 (DVD)
2152,B000PATZJW,Norbit
2153,B0031ZWZR2,FlashForward: Season 1 Pt.1
2154,B001614E68,Batman: Gotham Knight
2155,B005LAIGOQ,The Woman in Black
2156,B001LPWGEG,Igor
2157,B002YI9304,Cabin Fever 2: Spring Fever
2158,B000YDYK7W,None found
2159,B002ZG9800,I Love You Phillip Morris
2160,B000NVT0SE,Hannibal Rising
2161,B003ZHVJFA,Tekken
2162,B0021L8UIU,Bart Got a Room
2163,B0054TK99E,Teen Wolf Season 1
2164,B000YV2EFE,Monster
2165,B00D5P0QMY,The Killing Season 3
2166,B003S7JPSU,Futurama Season 7
2167,B003KYZI5U,None found
2168,B00FOILOSU,None found
2169,B008JFUSLO,None found
2170,B00F406S2U,None found
2171,B001D262KG,"Substitute, The remake"
2172,B00GXVXT6W,None found
2173,B002VRNIZO,None found
2174,B001TRDQIQ,None found
2175,B007L6VQ68,The Deep Blue Sea
2176,B005CRVDR0,None found
2177,B004STBFL2,Blue Gender: Complete Series and Movie
2178,B0034G4OZE,None found
2179,B00BEIYFWG,None found
2180,B001C4CI8A,Body of Lies
2181,B00DS79HCE,DreamWorks Holiday Collection (Shrek the Halls / Merry Madagascar / Dragons Holiday: Gift of the Night Fury / Kung Fu Panda Holiday)
2182,B002NUULNG,Ghost in the Shell 2.0
2183,B00BCWNXG8,Would You Rather
2184,B0089AD8J8,DCU Superman / Batman Double Feature
2185,B0018M6J9K,Transformers Cybertron: The Ultimate Collection (2008)
2186,B005LAII1W,Here Comes the Boom
2187,B007L6VP8W,Silent House
2188,B005LAJ1H2,None found
2189,B000V6LSOA,None found
2190,B000Q66Q56,Tales From The Crypt: (Bordello of Blood / Tales From The Crypt: Demon Knight)
2191,B000S86J3Q,The Film Crew: Wild Women of Wongo
2192,B0011VIO46,The Shepherd: Border Patrol
2193,B004529NKC,Step Up 3
2194,B001HT0LOS,St. Trinian's [Region 2]
2195,B002GU65M4,UFC: Ultimate 100 Greatest Fights
2196,B004UXUWEC,Our Idiot Brother
2197,B001C5LLL4,Redbelt
2198,B000OIOOVY,Hex: Season 1
2199,B000SM6FKE,As You Like It
2200,B009F7QE0E,Haven Season 3
2201,B000YQDDQ8,None found
2202,B00IC9X09O,None found
2203,B001Y5913C,None found
2204,B001GCUO5W,Shutter Island
2205,B001DJLD1W,4 Film Favorites: Nightmare on Elm Street 1-4
2206,B0013XZ6RU,Azumi 2
2207,B00E1LSJIO,None found
2208,B007L6VRBM,Seeking a Friend for the End of the World
2209,B009L79YFU,Stolen
2210,B0066SB8UQ,Green Lantern: The Animated Series: The Complete First Season
2211,B004USUP58,The Reef
2212,B003L4Q0UQ,Ondine
2213,B00I3MMLHC,None found
2214,B00HLTD3ZW,None found
2215,B003F3NDWG,None found
2216,B001MEJYDW,Alien Raiders
2217,B004Y2SEPI,Warrior's Way Rental Copy
2218,B00CX7TOOG,Killing Season
2219,B0016OM3WC,The Batman: Season 5
2220,B0064SVNJE,Nude Nuns with Big Guns
2221,B008NNY8M2,Excision
2222,B000LVIIUC,South Park Season 10
2223,B001GCUO4S,Final Destination 4 (DVD)
2224,B0072GPPNC,War Horse
2225,B004LROMS4,None found
2226,B00ESB6CV8,None found
2227,B00HASYDK8,None found
2228,B0036EH3XO,Iron Man: The Complete Animated Television Series
2229,B002ZG98R8,Red Dawn
2230,B0026P3HPW,Red Dwarf: Back to Earth (DVD)
2231,B000R9U3AQ,Pathfinder
2232,B00440FO6M,The Stieg Larsson Trilogy: (The Girl with the Dragon Tattoo / The Girl Who Played with Fire / The Girl Who Kicked the Hornet's Nest)
2233,B008220BGQ,"Campaign, The (DVD)"
2234,B0012RLX7E,Mad Detective
2235,B002SF9YT8,Give 'Em Hell Malone
2236,B001TH92N4,Frost/Nixon
2237,B001MKLMJU,Danger Uxb 1979
2238,B00CDU5MBC,Inside Amy Schumer Season 1
2239,B005TG8156,None found
2240,B002USF1VS,Jennifer's Body
2241,B0088X7YMS,None found
2242,B009K72EP8,Star Wars: The Clone Wars Season 5
2243,B000QUU7L6,Kickin' It Old Skool
2244,B005JZ90M0,Tomboy
2245,B004EPYZOO,Drive Angry
2246,B001HN6940,None found
2247,B009HNCUYK,None found
2248,B0043CT8KO,Beverly Hills Chihuahua 2
2249,B008JFUS5A,None found
2250,B002UOMGYM,Smokin' Aces 2: Assassins' Ball
2251,B002BLCNHY,None found
2252,B000VECAEE,None found
2253,B008FCWZJO,Alex Cross
2254,B003FSTN70,Criminal Minds: Season 5
2255,B004XAM0Q0,Redline
2256,B000OCY7JO,The Wind That Shakes the Barley
2257,B001KVZ6ES,Gran Torino
2258,B0017JHQOG,Be Kind Rewind
2259,B0017600EW,Heckler
2260,B0021L8UXA,The Crazies
2261,B001D5C1PS,Poultrygeist: Night of the Chicken Dead
2262,B001AYWY68,Element: AM & PM Yoga for Beginners
2263,B005SQRYB4,The Woman
2264,B006RZZDU4,Iron Man: Extremis Season 1
2265,B00BCXVYIG,Dino King
2266,B00L4IDS4W,Transformers: Age of Extinction Gift Set with Grimlock and Optimus Collectible Statue
2267,B0041UUNUM,Mega Shark Vs Crocosaurus
2268,B002BWD73W,Welcome to the NHK - The Complete Series
2269,B0050PYNO4,Paul
2270,B000MVN8GK,None found
2271,B002RBNNTA,Extract
2272,B0027ISJ1K,Infestation
2273,B003M8NGLC,Batman: Brave & The Bold S1P1 (DVD)
2274,B000OYCMNU,None found
2275,B002ZG98J6,Percy Jackson & The Olympians: The Lightning Thief
2276,B00AZMFO6I,Quartet
2277,B002ECJZ76,Christmas Story
2278,B006UAWH2S,Perfect Sense
2279,B001HUHBBS,The Invaders - Seasons 1 - 2
2280,B00151QYE4,"4 Months, 3 Weeks and 2 Days"
2281,B003UESJF6,Megamind
2282,B00ETHN9L2,Crystal Lake Memories: The Complete History Of Friday The 13th
2283,B001OMU6UM,Bolt
2284,B001DZOC3W,The Happening
2285,B0010AN7MM,Lather Effect
2286,B00D3LA63Y,Pawn Shop Chronicles
2287,B000VU2SW2,None found
2288,B0029W2V9U,Alien Trespass
2289,B0013J30UE,None found
2290,B003498RCW,Gentlemen Broncos
2291,B001C4ZQ9I,Genghis Khan: To the Ends of the Earth and Sea
2292,B002PLPQLU,Funny People
2293,B002BSH9L2,Doctor Who: Planet of the Dead (DVD)
2294,B005LAII3A,Total Recall
2295,B000V3JGI8,James Bond Ultimate Collector's Set
2296,B00DXP7L88,Dexter: The Complete Final Season
2297,B008WAM2TW,Transformers: Prime - Season Two
2298,B000Q66QG0,The Insatiable
2299,B008JFUMC4,Hara-kiri: Death of a Samurai
2300,B001LLH8S4,Miracle at St Anna
2301,B007I1Q4W2,Exit Humanity
2302,B00979JV00,Downton Abbey: Series 1-3 + Christmas Special
2303,B000YPUFA6,Resident Evil: Extinction
2304,B001PL3DXO,Make Way for Tomorrow [Region 2]
2305,B00109KN0M,I Could Never Be Your Woman
2306,B001ENOB8Y,Prison Break Season 4
2307,B0039PGH9G,Riverworld
2308,B002ZG97XI,Hot Tub Time Machine
2309,B002ZG98LO,None found
2310,B00005JKIO,Collateral Damage
2311,B000OVLBGC,The Lives of Others
2312,B00FQY4C86,None found
2313,B008JIIZ0W,Red vs. Blue Season 10
2314,B00I3MMTS8,Transparent Season 1
2315,B0010X741O,Heroes of the East
2316,B0085A9HXS,None found
2317,B000OCY7OO,The Crow: Stairway To Heaven - The Complete Series
2318,B003Y5H5FG,Fright Night
2319,B00ESB6GBY,None found
2320,B000OYC7BW,The Number 23
2321,B002N5N5UM,None found
2322,B001AQO43M,Sarah Connor Chronicles:S2 (DVD)
2323,B000VA3IZI,THE STORY OF INDIA WITH MICHAEL WOOD 2 DISC SET by MICHAEL WOOD
2324,B0016MJ6GA,Fanboys
2325,B000R7HY0K,Grindhouse Presents: Death Proof
2326,B005SQRYJ6,G.I. Joe Series 2: Season 1
2327,B0014DZ2WS,Never Back Down
2328,B0051CSI0G,Stake Land
2329,B00AZESO72,The Girl
2330,B003Y5H53S,Rango
2331,B003D7B58I,Arn: The Knight Templar [Region 4]
2332,B000TUDIL4,Flight of the Living Dead WS
2333,B00JMJOWXG,Fargo Season 1
2334,B000VECAE4,The King of Queens: The Complete Series
2335,B00CFPC8EO,Forgetting the Girl
2336,B00C9G22R2,The Grandmaster
2337,B001RHGRSY,The Spirit
2338,B008ZXSUO2,None found
2339,B005A5IAC0,Torchwood Miracle Day anglais
2340,B00BQNSJZS,Arcadia
2341,B0024HH2WG,Education Of Charlie Banks
2342,B0036RPM8Y,The Messenger
2343,B005FITIDC,Machine Gun Preacher
2344,B008947J8U,None found
2345,B004LWZW8I,Immortals
2346,B004HW7JOM,Workaholics: Seasons 1 & 2
2347,B008CFZQQS,None found
2348,B006I0GSZM,Bag of Bones Season 1
2349,B003Y5H5HO,The Girl with the Dragon Tattoo
2350,B009Z5BPWS,Cartoon Network: Adventure Time - Fionna and Cake - Volume 4
2351,B00466H3A4,Caprica: Season 1.5
2352,B000X1RYEQ,Them
2353,B003Q6D200,Middle Men
2354,B00112S8RS,Before the Devil Knows You're Dead
2355,B0053O89YM,The Good Wife: Season 3
2356,B00ICWO0ZY,Son of God
2357,B0021L8UFI,The Haunting in Connecticut
2358,B004BDOEZO,Transformers 3: Dark of the Moon
2359,B0030LLAFU,Goemon
2360,B002VECM1S,None found
2361,B00GSTHCTE,Super Bowl XLVIII Champions: Seattle Seahawks
2362,B00363WGB4,The Drawn Together Movie: The Movie!
2363,B003CWEQ7G,Tooth Fairy
2364,B00ADRYE34,Mimesis
2365,B003X4KHRG,Family Guy: It's A Trap!
2366,B001FB55J4,Defiance
2367,B002ZG97O2,From Paris with Love
2368,B007ZF1JW6,None found
2369,B0013FZUQA,The Ruins
2370,B00AIBZMD6,Jack Ryan: Shadow Recruit
2371,B00DJYJPLO,None found
2372,B006IW8DQC,In Darkness
2373,B0027HOBMM,Horsemen
2374,B00C6QXFIU,None found
2375,B002ZG96ZC,Cop Out
2376,B004LROMT8,Star Wars: The Clone Wars:S3 Box (DVD)
2377,B0010AN7LS,Spiral
2378,B001D262K6,Room 205
2379,B0011KQSZ4,Death At A Funeral
2380,B00LPWPMCS,None found
2381,B003NHMYJ2,Astonishing X-Men: Gifted
2382,B0073HYCCA,Nazis at the Center of the Earth
2383,B00DS7F6RY,Bling Ring
2384,B005DNWE9Y,Janie Jones
2385,B001W63DX2,Iron Maiden: Flight 666 by David Thewlis
2386,B008IG0E7M,WWE: CM Punk - Best in the World
2387,B000R7I43Q,Charmed: The Complete Series
2388,B00242KD1S,Eureka: Season 3.0
2389,B004QOB8UC,Jesse Stone: Innocents Lost
2390,B005LAIIS0,The Grey
2391,B005LAIHAY,None found
2392,B0072HTWQM,Bridge: Series 1 Swedish Television
2393,B005ZI6NHG,2 Headed Shark Attack by Carmen Electra
2394,B003VMFWYI,Grindhouse
2395,B004HHX9OQ,"Girls, Guns and G-Strings: The Andy Sidaris Collection"
2396,B000YAA68C,P.S. I Love You (WS/DVD)
2397,B00B4ZN3XQ,None found
2398,B004SGWYVA,High School of the Dead: Complete Collection
2399,B004UVYQYQ,None found
2400,B0051GOB7Q,Red Faction: Origins
2401,B000J0Q1KO,None found
2402,B00600SOXE,Shark Night
2403,B002FHGESI,Sin Nombre
2404,B000ZBEOI8,The Rage
2405,B00F77MAO0,"Futurama, Vol. 8"
2406,B00284EM5A,None found
2407,B001C8W7EQ,Burn Notice: Season 2
2408,B002KISB56,Emma
2409,B000RZIGW2,Year of the Dog
2410,B000UYX4P4,Masters of Horror: Dream Cruise
2411,B001GCUO7A,Monsters vs. Aliens
2412,B000I62JFU,None found
2413,B001209SMS,None found
2414,B0051GLDQS,Quarantine 2: Terminal
2415,B002ZG98UA,Resident Evil: Afterlife
2416,B00E0FW054,Family Guy: Volume Eleven/Season 10
2417,B005LAIH54,Wrath of the Titans (DVD)
2418,B001B8TKFG,Voltron: Volume 6
2419,B008BQG3RE,None found
2420,B0012IX362,Sands Of Oblivion
2421,B004ZKKKUQ,Tactical Force
2422,B001CT876C,Return to Sleepaway Camp
2423,B002ZG99QS,Tron: Legacy
2424,B0013XZ2QA,Charlie Wilson's War
2425,B001152THA,Blood +: Part One
2426,B00A7ZHDOO,Safe Haven
2427,B00114XLZU,Doctor Who: Timelash
2428,B007JG5I3M,Wallander Series 3
2429,B009MO57H6,Resident Evil: Retribution
2430,B00B2G2RG6,None found
2431,B001FB55L2,Brothers
2432,B00E688720,Farscape: Complete Series
2433,B0084NZEDS,Jackson Five: The Completed Animated Series
2434,B005R08HJY,Catch .44
2435,B003EYVXZ0,To Save a Life
2436,B002LVVCJY,Jack Goes Boating
2437,B001DW2BG0,The Starlost - The Complete Series
2438,B008N6YTL4,Jack Reacher
2439,B009F11B7Q,Last Resort Season 1
2440,B001AXU1DC,"iCarly: Season 1, Vol. 1"
2441,B000YAF4MA,The Bucket List
2442,B0016Q2D5M,Journey to the Center of the Earth (DVD)
2443,B003626TNG,Defendor
2444,B002RD55JE,Inglourious Basterds
2445,B00DXI1R44,None found
2446,B0036TGSR6,The Ghost Writer
2447,B001KEHAG2,Frozen River
2448,B001SE07JG,None found
2449,B007OZEMP8,Call the Midwife [Regions 2 & 4]
2450,B001E95ZFG,None found
2451,B002TZS5GU,Carriers
2452,B00AN5LCOA,None found
2453,B00B2TURYC,Room 514
2454,B007549W62,"Divide, The"
2455,B0011D6FH2,Movie-Naruto Shippuden
2456,B000OY9V7A,SPACE GHSoundtrack & DINO BOY:COMPLETE SERIES
2457,B001I82RVS,Tokyo Gore Police
2458,B003Z8ZC2U,Aaah! Zombies!!
2459,B00GMV8LIO,None found
2460,B005G5NPD8,Captain America / Captain America II: Death Too Soon
2461,B002VJ0576,Sherlock Holmes
2462,B0032JTV38,None found
2463,B004C3J76Y,Battle of Los Angeles
2464,B002M2T1UO,The Shield: Complete Series
2465,B005LAJ17M,None found
2466,B002EOVX2O,Lies & Illusions
2467,B004WOAGEK,None found
2468,B001U3ZYXY,Doctor Who: Attack of the Cybermen
2469,B004UXUX4Q,None found
2470,B0073U2F12,The Darkest Hour
2471,B000MGBLFU,Sublime R-Rated Edition
2472,B00466X70Y,Thundarr The Barbarian
2473,B0036EH3WK,Lost: The Complete Collection
2474,B002I41KKA,The Children
2475,B002YWMJ2Y,Metallica - Orgullo Pasion Y Gloria: Tres Noches En Mexico
2476,B0013Z0PLA,Zombie Strippers
2477,B000VZUWZW,The Big Bang Theory: The Complete First Season
2478,B00DCLT8RA,Sharknado
2479,B002ZG97E2,Despicable Me
2480,B001QDBX6A,Eden Log
2481,B005LAIHW2,Madagascar 3: Europe's Most Wanted
2482,B000VKL6T8,The Nanny Diaries
2483,B0059XTUH2,None found
2484,B000N6U0DS,The Pursuit of Happyness
2485,B003NE8B42,"Fullmetal Alchemist: Brotherhood, Part 2"
2486,B005LAIHKY,None found
2487,B002VECLZK,Everybody's Fine
2488,B0036BRBOS,Mega Piranha
2489,B00CM0EQC4,Duck Dodgers: Deep Space Duck S2 (DVD)
2490,B0058YPILY,None found
2491,B000O77SOK,The Practice - Volume One
2492,B000WW1YNS,Naruto Uncut V06 Box Set (DVD)
2493,B002WJHDJI,The Maxx: The Complete Series
2494,B00BNXOMHA,The Twilight Saga: The Complete Collection (5-Disc Blu-ray + Digital Copies)
2495,B005LAIH2W,John Carter
2496,B005G5NPG0,The Adventures Of Tintin: Season 1
2497,B008XAT118,Deep Rising / The Puppet Masters
2498,B003R0MF3A,House: Season Seven
2499,B003T04NCY,Pig Hunt
2500,B002VECM6S,None found
2501,B000PMLJMG,Dead Silence
2502,B00A8GBVOK,Marvel The Avengers: Earth's Mightiest Heroes! Volume Six
2503,B0021L8V3Y,None found
2504,B00B5AP7NY,LEGO Batman: The Movie - DC Super Heroes Unite
2505,B00J0IQISG,Wolf Creek 2
2506,B0001DMVBC,House of Sand and Fog
2507,B001FOPODS,Peter and the Wolf
2508,B005KP7EK4,Blackthorn
2509,B001UGJUSG,None found
2510,B001I9XOQ4,Resident Evil: Degeneration
2511,B000OIOOW8,Dragon Ball Z: Season 3
2512,B00CDBQ9B8,None found
2513,B001CDFY64,Feast II: Sloppy Seconds
2514,B008RTE066,Magical Mystery Tour: Deluxe Boxed Set
2515,B003Y5H4R0,Animal Kingdom
2516,B004L3AQLU,Love & Other Drugs
2517,B003VADSNW,Grant Morrison: Talking With Gods
2518,B003Q6D246,None found
2519,B00CU71AY6,Apartment 1303
2520,B0053WQE6O,Dylan Dog: Dead of Night
2521,B001EM1E94,Terry Pratchett's The Colour of Magic: A Spellbinding Adventure
2522,B001WAKOW6,New In Town
2523,B004XQO90E,Source Code
2524,B002G1WPG8,Wrong Turn 3: Left for Dead
2525,B001XW7ICW,The Middleman: The Complete Series
2526,B0013TR4GK,He-Man and the Masters of the Universe: Volume 2
2527,B0060ZJ7AI,None found
2528,B00BEIYMAG,The Conjuring
2529,B008M0UTRO,From Up On Poppy Hill (Kokurikozaka Kara) - Studio Ghibli Movie DVD Japanese Audio with English Subtitle
2530,B003VA3JSG,A Call Girl
2531,B008Y5OXDI,Eclipse Series 37: When Horror Came to Shochiku
2532,B00151QYOO,One Missed Call
2533,B004QI14UC,Black Rat
2534,B002962RKE,Glee Season 1
2535,B001M6SHBA,Ragnarok: Complete Series
2536,B0053O8A46,Fringe:S4 (DVD)
2537,B00BEEKN26,Broadchurch - 3-DVD Set
2538,B0088X7YPA,Prep & Landing: Totally Tinsel Collection
2539,B002ZG97II,None found
2540,B0018AQ2RG,Little Fockers
2541,B001HN68ZU,None found
2542,B000K7VHOG,Idiocracy
2543,B00HEPC0TS,Homefront
2544,B00G7QPXAI,None found
2545,B008JSO21S,None found
2546,B0060MYMPG,The Killing: Season 2
2547,B008X0SGDC,None found
2548,B008UP0CIW,REC 3 Génesis
2549,B003L20ILA,Get Low
2550,B0015OKWL2,None found
2551,B0051T47ZE,The Perfect Host
2552,B008DL4HXE,Bait
2553,B002BFBAUG,Adventureland
2554,B0010358CG,Appleseed Ex Machina
2555,B0049P1VHS,The Walking Dead: Season 1
